time;price(euro);accuracy(min)
00:00;0.0001;60
00:15;0.00001;
00:30;0;
00:45;-0.00001;
01:00;-0.00003;
01:15;-0.00002;
01:30;-0.00005;
01:45;-0.00002;
02:00;0;
02:15;0.00004;
02:30;0.00006;
02:45;0.00054;
03:00;0.00224;
03:15;0.00197;
03:30;0.00113;
03:45;0.00319;
04:00;0.04;
04:15;0.08446;
04:30;0.06174;
04:45;0.06127;
05:00;0.05997;
05:15;0.05492;
05:30;0.04765;
05:45;0.03555;
06:00;0.02939;
06:15;0.0196;
06:30;0.02733;
06:45;0.0162;
07:00;0.0095;
07:15;0.0112;
07:30;0.04443;
07:45;0.05656;
08:00;0.06428;
08:15;0.06612;
08:30;0.0706;
08:45;0.0788;
09:00;0.0999;
09:15;0.1025;
09:30;0.1106;
09:45;0.1057;
10:00;0.1007;
10:15;0.11893;
10:30;0.0813;
10:45;0.0701;
11:00;0.0667;
11:15;0.0549;
11:30;0.05318;
11:45;0.0549;
12:00;-0.00039;
12:15;-0.00161;
12:30;-0.00139;
12:45;-0.00131;
13:00;-0.00139;
13:15;-0.00195;
13:30;0.00105;
13:45;0.04063;
14:00;0.0683;
14:15;0.0759;
14:30;0.0732;
14:45;0.0692;
15:00;0.06;
15:15;0.05886;
15:30;0.06086;
15:45;0.076;
16:00;0.079;
16:15;0.101;
16:30;0.1146;
16:45;0.1;
17:00;0.07323;
17:15;0.06741;
17:30;0.065;
17:45;0.05812;
18:00;0.0573;
18:15;0.05046;
18:30;0.04;
18:45;0.02548;
19:00;0.035;
19:15;0.05773;
19:30;0.07265;
19:45;0.08502;
20:00;0.09147;
20:15;0.0942;
20:30;0.09161;
20:45;0.09003;
21:00;0.08628;
21:15;0.08596;
21:30;0.09211;
21:45;0.09862;
22:00;0.10445;
22:15;0.13021;
22:30;0.14067;
22:45;0.1231;
23:00;0.10165;
23:15;0.09677;
23:30;0.09304;
23:45;0.08861;
;0.08608;
;0.08051;
;0.07701;
;0.07288;
;0.07212;
;0.07452;
;0.08011;
;0.08717;
;0.08978;
;0.095;
;0.09629;
;0.09822;
;0.09229;
;0.09165;
;0.0965;
;0.10013;
;0.10303;
;0.10743;
;0.10847;
;0.104;
;0.10013;
;0.09421;
;0.09492;
;0.0868;
;0.08225;
;0.0802;
;0.07613;
;0.07301;
;0.07301;
;0.07459;
;0.0751;
;0.08139;
;0.0884;
;0.09223;
;0.0973;
;0.10043;
;0.09916;
;0.09452;
;0.09245;
;0.09418;
;0.09922;
;0.10469;
;0.10363;
;0.099;
;0.09214;
;0.088;
;0.08657;
;0.07987;
;0.08408;
;0.07982;
;0.07676;
;0.07346;
;0.07186;
;0.07208;
;0.0749;
;0.07769;
;0.08179;
;0.08486;
;0.08714;
;0.08913;
;0.08866;
;0.08481;
;0.08434;
;0.08801;
;0.09342;
;0.10177;
;0.10485;
;0.10355;
;0.1005;
;0.09331;
;0.09117;
;0.08386;
;0.08702;
;0.08435;
;0.08171;
;0.079;
;0.07847;
;0.0821;
;0.0943;
;0.11109;
;0.12111;
;0.11783;
;0.11058;
;0.103;
;0.0849;
;0.08956;
;0.1;
;0.10798;
;0.11639;
;0.12915;
;0.12508;
;0.1119;
;0.1001;
;0.091;
;0.092;
;0.09149;
;0.08095;
;0.07998;
;0.085;
;0.08342;
;0.08057;
;0.0858;
;0.0839;
;0.09112;
;0.1257;
;0.11996;
;0.098;
;0.09;
;0.0788;
;0.07778;
;0.085;
;0.0999;
;0.11267;
;0.13569;
;0.12925;
;0.1263;
;0.10882;
;0.09366;
;0.0849;
;0.088;
;0.07554;
;0.08676;
;0.08673;
;0.08122;
;0.08048;
;0.0779;
;0.0793;
;0.096;
;0.13252;
;0.13039;
;0.11121;
;0.10913;
;0.0891;
;0.08745;
;0.0849;
;0.10634;
;0.12794;
;0.14379;
;0.14;
;0.13215;
;0.12;
;0.0973;
;0.0913;
;0.08231;
;0.09175;
;0.08859;
;0.08725;
;0.08238;
;0.0812;
;0.0796;
;0.09;
;0.11687;
;0.141;
;0.12916;
;0.11365;
;0.10648;
;0.09938;
;0.099;
;0.10598;
;0.11731;
;0.13262;
;0.14706;
;0.1367;
;0.13231;
;0.11788;
;0.10719;
;0.1;
;0.081;
;0.08212;
;0.08063;
;0.08313;
;0.07729;
;0.078;
;0.07918;
;0.08132;
;0.1182;
;0.14074;
;0.13496;
;0.12201;
;0.11473;
;0.10698;
;0.10308;
;0.10454;
;0.11;
;0.12;
;0.1275;
;0.126;
;0.11947;
;0.10713;
;0.0917;
;0.08502;
;0.08249;
;0.09;
;0.08543;
;0.082;
;0.07847;
;0.075;
;0.07494;
;0.07816;
;0.0779;
;0.07492;
;0.0854;
;0.0884;
;0.0861;
;0.0797;
;0.08082;
;0.0815;
;0.087;
;0.0973;
;0.1146;
;0.1028;
;0.0846;
;0.07547;
;0.081;
;0.085;
;0.08;
;0.0749;
;0.07401;
;0.0699;
;0.06824;
;0.07192;
;0.08;
;0.07103;
;0.07592;
;0.07927;
;0.093;
;0.09711;
;0.0872;
;0.08039;
;0.07704;
;0.07915;
;0.08232;
;0.08662;
;0.09186;
;0.0949;
;0.085;
;0.07906;
;0.0786;
;0.07539;
;0.06719;
;0.0679;
;0.065;
;0.06394;
;0.06204;
;0.06204;
;0.06925;
;0.08018;
;0.0844;
;0.09934;
;0.1003;
;0.09489;
;0.0902;
;0.08118;
;0.0822;
;0.0846;
;0.08957;
;0.09762;
;0.10651;
;0.11281;
;0.10513;
;0.0944;
;0.07904;
;0.07776;
;0.0785;
;0.068;
;0.07651;
;0.07743;
;0.07682;
;0.07305;
;0.07261;
;0.0924;
;0.1158;
;0.14411;
;0.1386;
;0.122;
;0.11;
;0.088;
;0.0881;
;0.084;
;0.11029;
;0.11169;
;0.1283;
;0.1221;
;0.102;
;0.08997;
;0.084;
;0.08221;
;0.0752;
;0.0718;
;0.07165;
;0.07073;
;0.06979;
;0.06954;
;0.07131;
;0.07557;
;0.08494;
;0.09674;
;0.10618;
;0.11033;
;0.1111;
;0.11374;
;0.11673;
;0.118;
;0.12262;
;0.12655;
;0.13691;
;0.12251;
;0.1131;
;0.09916;
;0.09373;
;0.0891;
;0.08321;
;0.0803;
;0.07699;
;0.07467;
;0.07418;
;0.07609;
;0.0776;
;0.08909;
;0.10923;
;0.12198;
;0.11826;
;0.1104;
;0.08;
;0.08395;
;0.07064;
;0.08661;
;0.0858;
;0.09868;
;0.10375;
;0.10335;
;0.08785;
;0.081;
;0.08314;
;0.07663;
;0.07361;
;0.06914;
;0.06626;
;0.063;
;0.06276;
;0.06332;
;0.0669;
;0.07649;
;0.086;
;0.10427;
;0.09991;
;0.08753;
;0.084;
;0.07221;
;0.07336;
;0.07522;
;0.07304;
;0.0849;
;0.09375;
;0.0879;
;0.0749;
;0.07295;
;0.07112;
;0.06864;
;0.06475;
;0.066;
;0.06751;
;0.06354;
;0.06182;
;0.06185;
;0.06175;
;0.06259;
;0.0669;
;0.07482;
;0.0779;
;0.0718;
;0.0696;
;0.06489;
;0.0669;
;0.07337;
;0.07914;
;0.08786;
;0.09498;
;0.09989;
;0.09157;
;0.08;
;0.07572;
;0.07042;
;0.06913;
;0.0625;
;0.057;
;0.05515;
;0.05089;
;0.04831;
;0.04694;
;0.045;
;0.04217;
;0.051;
;0.06;
;0.05909;
;0.05624;
;0.0599;
;0.05274;
;0.05584;
;0.05721;
;0.05553;
;0.06879;
;0.082;
;0.064;
;0.0602;
;0.057;
;0.05426;
;0.05327;
;0.04408;
;0.04999;
;0.045;
;0.02792;
;0.018;
;0.0205;
;0.04227;
;0.0685;
;0.13;
;0.0896;
;0.07434;
;0.0606;
;0.05701;
;0.05652;
;0.05855;
;0.06047;
;0.067;
;0.08877;
;0.1103;
;0.0981;
;0.06743;
;0.06441;
;0.05622;
;0.05035;
;0.01684;
;0.01099;
;0.01;
;0.005;
;0.01084;
;0.03951;
;0.06151;
;0.08825;
;0.1158;
;0.09668;
;0.0809;
;0.065;
;0.06413;
;0.06336;
;0.07002;
;0.0743;
;0.07719;
;0.08181;
;0.08489;
;0.07535;
;0.065;
;0.0632;
;0.0534;
;0.035;
;0.00485;
;0.00212;
;0;
;-0.00389;
;-0.005;
;0;
;0.01665;
;0.0675;
;0.095;
;0.09333;
;0.068;
;0.05221;
;0.03932;
;0.0383;
;0.0465;
;0.06843;
;0.08;
;0.098;
;0.09272;
;0.1001;
;0.084;
;0.08199;
;0.0718;
;0.0818;
;0.0649;
;0.0561;
;0.0672;
;0.075;
;0.07531;
;0.0759;
;0.07858;
;0.0921;
;0.10302;
;0.094;
;0.08396;
;0.07866;
;0.07495;
;0.07655;
;0.08422;
;0.08861;
;0.09698;
;0.116;
;0.1124;
;0.09853;
;0.07991;
;0.08428;
;0.0794;
;0.07417;
;0.0628;
;0.062;
;0.05849;
;0.05479;
;0.0474;
;0.05087;
;0.05815;
;0.07198;
;0.07745;
;0.0801;
;0.07134;
;0.05894;
;0.05208;
;0.0463;
;0.05;
;0.05117;
;0.075;
;0.095;
;0.13557;
;0.11112;
;0.0958;
;0.082;
;0.0842;
;0.07936;
;0.0745;
;0.0689;
;0.0659;
;0.059;
;0.05649;
;0.05858;
;0.05998;
;0.0669;
;0.08676;
;0.0862;
;0.08017;
;0.06033;
;0.05584;
;0.05388;
;0.05973;
;0.0782;
;0.0824;
;0.09122;
;0.09597;
;0.09262;
;0.08443;
;0.07596;
;0.07597;
;0.0727;
;0.06677;
;0.0607;
;0.0591;
;0.05889;
;0.05997;
;0.06241;
;0.05932;
;0.05898;
;0.0592;
;0.05522;
;0.05135;
;0.04551;
;0.04124;
;0.04025;
;0.04971;
;0.0549;
;0.06629;
;0.07642;
;0.0747;
;0.07016;
;0.06861;
;0.05757;
;0.05966;
;0.056;
;0.04997;
;0.04726;
;0.04812;
;0.04797;
;0.05158;
;0.06006;
;0.08015;
;0.09269;
;0.0992;
;0.08839;
;0.0789;
;0.07127;
;0.07024;
;0.07487;
;0.08199;
;0.09567;
;0.10479;
;0.1202;
;0.11592;
;0.10752;
;0.09095;
;0.08566;
;0.08325;
;0.08029;
;0.07194;
;0.06876;
;0.06937;
;0.06709;
;0.06663;
;0.06937;
;0.07861;
;0.09077;
;0.09594;
;0.08493;
;0.07715;
;0.0701;
;0.0681;
;0.06823;
;0.07193;
;0.0786;
;0.08197;
;0.08836;
;0.09938;
;0.11041;
;0.0899;
;0.08012;
;0.08245;
;0.0773;
;0.0789;
;0.07403;
;0.07089;
;0.06982;
;0.06917;
;0.07386;
;0.08477;
;0.10517;
;0.12;
;0.09353;
;0.08298;
;0.07709;
;0.07491;
;0.0675;
;0.0668;
;0.07394;
;0.07855;
;0.08565;
;0.0855;
;0.0692;
;0.06278;
;0.05818;
;0.054;
;0.04057;
;0.048;
;0.04237;
;0.04304;
;0.04394;
;0.04763;
;0.05606;
;0.0692;
;0.08637;
;0.09976;
;0.09277;
;0.08371;
;0.0755;
;0.0676;
;0.05726;
;0.0712;
;0.0875;
;0.084;
;0.11262;
;0.113;
;0.09803;
;0.09081;
;0.08334;
;0.08191;
;0.07342;
;0.06432;
;0.05995;
;0.058;
;0.05469;
;0.05314;
;0.05513;
;0.06649;
;0.07791;
;0.08961;
;0.08621;
;0.0808;
;0.07517;
;0.06489;
;0.06256;
;0.0637;
;0.0677;
;0.08;
;0.08847;
;0.09997;
;0.082;
;0.0733;
;0.07;
;0.06315;
;0.05484;
;0.04968;
;0.04308;
;0.0349;
;0.014;
;0.01098;
;0.0114;
;0.01648;
;0.03643;
;0.04691;
;0.06748;
;0.066;
;0.05802;
;0.051;
;0.0479;
;0.04253;
;0.04471;
;0.05058;
;0.0674;
;0.106;
;0.096;
;0.07245;
;0.0631;
;0.05141;
;0.04;
;0.0425;
;0.03222;
;0.0069;
;0.00072;
;0;
;0;
;0;
;0.0044;
;0.01188;
;0.0275;
;0.04;
;0.02667;
;0.01979;
;0.00507;
;0.014;
;0.03168;
;0.0412;
;0.0635;
;0.08581;
;0.0709;
;0.0536;
;0.05489;
;0.04974;
;0.03498;
;0.00163;
;0.0001;
;0.0001;
;0.00022;
;0.00008;
;0.00165;
;0.04123;
;0.085;
;0.1066;
;0.0787;
;0.0552;
;0.04489;
;0.0348;
;0.0455;
;0.054;
;0.05579;
;0.065;
;0.08621;
;0.09755;
;0.0801;
;0.06996;
;0.05991;
;0.05604;
;0.04741;
;0.03546;
;0.0282;
;0.01;
;0.00498;
;0.00311;
;0.02009;
;0.05;
;0.06922;
;0.0882;
;0.0873;
;0.0871;
;0.0765;
;0.0649;
;0.05994;
;0.06386;
;0.0639;
;0.0647;
;0.08;
;0.09926;
;0.09489;
;0.071;
;0.06262;
;0.05711;
;0.0533;
;0.04117;
;0.0448;
;0.0499;
;0.06098;
;0.061;
;0.0656;
;0.0759;
;0.0886;
;0.0949;
;0.0969;
;0.08188;
;0.07866;
;0.075;
;0.0738;
;0.07538;
;0.0853;
;0.09303;
;0.11964;
;0.1358;
;0.11032;
;0.098;
;0.08356;
;0.07901;
;0.07921;
;0.0737;
;0.0732;
;0.07215;
;0.06863;
;0.06669;
;0.07171;
;0.08206;
;0.10449;
;0.13191;
;0.11237;
;0.09802;
;0.08955;
;0.08401;
;0.08552;
;0.08332;
;0.084;
;0.07681;
;0.0772;
;0.084;
;0.0815;
;0.07757;
;0.075;
;0.07082;
;0.06164;
;0.06036;
;0.05216;
;0.04715;
;0.0421;
;0.0413;
;0.04488;
;0.05288;
;0.0637;
;0.06789;
;0.06783;
;0.06882;
;0.06761;
;0.06455;
;0.0637;
;0.06868;
;0.07546;
;0.08238;
;0.09249;
;0.09429;
;0.0871;
;0.08054;
;0.07522;
;0.07491;
;0.07094;
;0.0631;
;0.06408;
;0.0644;
;0.06439;
;0.06441;
;0.06582;
;0.07091;
;0.07486;
;0.0777;
;0.08038;
;0.0754;
;0.07042;
;0.0685;
;0.06672;
;0.06953;
;0.07717;
;0.08505;
;0.0899;
;0.1136;
;0.089;
;0.0744;
;0.07;
;0.07721;
;0.06432;
;0.0688;
;0.0593;
;0.0526;
;0.04683;
;0.04651;
;0.04625;
;0.0564;
;0.06303;
;0.071;
;0.0661;
;0.0684;
;0.06546;
;0.06434;
;0.06338;
;0.06406;
;0.06822;
;0.07224;
;0.07972;
;0.112;
;0.0968;
;0.07703;
;0.07072;
;0.06839;
;0.06401;
;0.06435;
;0.06165;
;0.06073;
;0.05947;
;0.05921;
;0.065;
;0.076;
;0.08541;
;0.104;
;0.0965;
;0.08547;
;0.07909;
;0.06742;
;0.06386;
;0.06413;
;0.06665;
;0.0771;
;0.09069;
;0.096;
;0.08908;
;0.07915;
;0.07154;
;0.06587;
;0.0619;
;0.06859;
;0.06537;
;0.06341;
;0.06049;
;0.06006;
;0.06359;
;0.0707;
;0.08232;
;0.0891;
;0.07512;
;0.06921;
;0.06387;
;0.06053;
;0.06026;
;0.0631;
;0.0707;
;0.07792;
;0.09179;
;0.0992;
;0.09113;
;0.0782;
;0.07218;
;0.06853;
;0.06478;
;0.06063;
;0.05934;
;0.05576;
;0.05479;
;0.05506;
;0.0585;
;0.06352;
;0.07298;
;0.07989;
;0.06965;
;0.06386;
;0.06329;
;0.06216;
;0.06191;
;0.06729;
;0.07069;
;0.07599;
;0.08165;
;0.08767;
;0.08458;
;0.0766;
;0.06971;
;0.0682;
;0.0638;
;0.06167;
;0.06055;
;0.05941;
;0.05833;
;0.05963;
;0.06343;
;0.07014;
;0.0798;
;0.08206;
;0.07784;
;0.07351;
;0.06851;
;0.0648;
;0.06385;
;0.06684;
;0.07127;
;0.07411;
;0.08244;
;0.08454;
;0.07513;
;0.06956;
;0.06268;
;0.06266;
;0.05864;
;0.05176;
;0.05108;
;0.04992;
;0.04881;
;0.05138;
;0.0522;
;0.0575;
;0.06888;
;0.0705;
;0.068;
;0.0612;
;0.0688;
;0.065;
;0.0612;
;0.06304;
;0.06496;
;0.07;
;0.07206;
;0.07973;
;0.08075;
;0.07453;
;0.07;
;0.07;
;0.0657;
;0.0685;
;0.06264;
;0.068;
;0.0649;
;0.06489;
;0.07328;
;0.0606;
;0.0687;
;0.0753;
;0.08452;
;0.067;
;0.06083;
;0.05824;
;0.05525;
;0.0591;
;0.06707;
;0.0708;
;0.08501;
;0.10568;
;0.08951;
;0.08015;
;0.07416;
;0.07206;
;0.06911;
;0.06213;
;0.05481;
;0.0514;
;0.05022;
;0.05;
;0.04847;
;0.04602;
;0.04897;
;0.04728;
;0.04303;
;0.04045;
;0.041;
;0.05;
;0.05017;
;0.0646;
;0.06693;
;0.06287;
;0.072;
;0.0841;
;0.07059;
;0.06471;
;0.05983;
;0.05733;
;0.05394;
;0.044;
;0.04832;
;0.04646;
;0.04391;
;0.04492;
;0.05157;
;0.06863;
;0.07912;
;0.08387;
;0.07506;
;0.07088;
;0.06922;
;0.06247;
;0.05997;
;0.06418;
;0.0668;
;0.06986;
;0.07615;
;0.09989;
;0.08002;
;0.07192;
;0.06749;
;0.06627;
;0.05907;
;0.05806;
;0.05432;
;0.05396;
;0.056;
;0.053;
;0.05481;
;0.07105;
;0.08607;
;0.08963;
;0.07877;
;0.06985;
;0.06092;
;0.05352;
;0.05151;
;0.05186;
;0.05589;
;0.06228;
;0.06898;
;0.07086;
;0.07076;
;0.06776;
;0.057;
;0.04844;
;0.04961;
;0.04858;
;0.04691;
;0.04686;
;0.0448;
;0.04543;
;0.05006;
;0.06501;
;0.0797;
;0.08405;
;0.06965;
;0.0641;
;0.06039;
;0.05301;
;0.05121;
;0.05376;
;0.06471;
;0.0671;
;0.06831;
;0.06838;
;0.0616;
;0.05252;
;0.04631;
;0.04204;
;0.03557;
;0.03087;
;0.02742;
;0.0275;
;0.02944;
;0.03551;
;0.04672;
;0.06426;
;0.075;
;0.08191;
;0.074;
;0.06944;
;0.06746;
;0.0669;
;0.06669;
;0.06349;
;0.0631;
;0.06093;
;0.06176;
;0.05995;
;0.0604;
;0.04792;
;0.04381;
;0.0349;
;0.0201;
;0.00928;
;0.0015;
;0.00119;
;0.0001;
;0.0004;
;0.00113;
;0.03996;
;0.05796;
;0.0608;
;0.05354;
;0.0471;
;0.04204;
;0.03727;
;0.0329;
;0.038;
;0.04964;
;0.06321;
;0.0737;
;0.08644;
;0.08401;
;0.07297;
;0.06926;
;0.06798;
;0.0651;
;0.06647;
;0.0639;
;0.0595;
;0.0552;
;0.05539;
;0.0571;
;0.06167;
;0.06611;
;0.0644;
;0.0576;
;0.04919;
;0.04581;
;0.04032;
;0.03222;
;0.0376;
;0.045;
;0.05596;
;0.07296;
;0.08195;
;0.07413;
;0.06517;
;0.05994;
;0.06402;
;0.06351;
;0.05657;
;0.05544;
;0.05544;
;0.05495;
;0.05525;
;0.05507;
;0.0586;
;0.05992;
;0.075;
;0.0715;
;0.05668;
;0.05464;
;0.05;
;0.04603;
;0.04984;
;0.055;
;0.0689;
;0.08569;
;0.09388;
;0.079;
;0.06996;
;0.06582;
;0.06523;
;0.05838;
;0.05783;
;0.05682;
;0.05567;
;0.0518;
;0.05324;
;0.05792;
;0.06844;
;0.07954;
;0.0816;
;0.07383;
;0.06665;
;0.06503;
;0.05842;
;0.05819;
;0.06129;
;0.06495;
;0.06992;
;0.077;
;0.08532;
;0.081;
;0.07221;
;0.06569;
;0.06521;
;0.06076;
;0.05762;
;0.05755;
;0.05735;
;0.05687;
;0.05735;
;0.06275;
;0.07332;
;0.09287;
;0.09522;
;0.08081;
;0.06871;
;0.061;
;0.05549;
;0.05558;
;0.056;
;0.0599;
;0.0665;
;0.09395;
;0.11018;
;0.10517;
;0.08436;
;0.0725;
;0.0703;
;0.06497;
;0.06036;
;0.0594;
;0.06134;
;0.06346;
;0.06374;
;0.06746;
;0.07408;
;0.09707;
;0.10449;
;0.08546;
;0.07399;
;0.06755;
;0.0631;
;0.0579;
;0.0585;
;0.06;
;0.07246;
;0.07;
;0.0898;
;0.07818;
;0.06555;
;0.06269;
;0.06408;
;0.0552;
;0.05482;
;0.05302;
;0.04971;
;0.04662;
;0.04375;
;0.048;
;0.06137;
;0.07335;
;0.07385;
;0.07039;
;0.06565;
;0.06646;
;0.06;
;0.05777;
;0.06368;
;0.0652;
;0.07162;
;0.08;
;0.08626;
;0.08099;
;0.07277;
;0.06725;
;0.0649;
;0.0609;
;0.06204;
;0.06142;
;0.05814;
;0.05783;
;0.0583;
;0.06249;
;0.07158;
;0.07936;
;0.08602;
;0.07804;
;0.06651;
;0.06453;
;0.04755;
;0.05;
;0.0632;
;0.07117;
;0.07828;
;0.0894;
;0.09373;
;0.08719;
;0.07749;
;0.07162;
;0.07006;
;0.06639;
;0.05995;
;0.05603;
;0.05602;
;0.05548;
;0.05488;
;0.05599;
;0.05658;
;0.06067;
;0.06376;
;0.06575;
;0.06044;
;0.0538;
;0.05307;
;0.0549;
;0.05986;
;0.06608;
;0.073;
;0.08117;
;0.0936;
;0.0899;
;0.07698;
;0.06981;
;0.0699;
;0.0682;
;0.0601;
;0.06921;
;0.06703;
;0.05791;
;0.05548;
;0.05888;
;0.06539;
;0.0698;
;0.07151;
;0.07249;
;0.06314;
;0.05;
;0.04751;
;0.04251;
;0.04684;
;0.05807;
;0.06028;
;0.07772;
;0.088;
;0.08696;
;0.0818;
;0.075;
;0.07218;
;0.07242;
;0.06913;
;0.0679;
;0.06741;
;0.06622;
;0.06559;
;0.07083;
;0.08118;
;0.09667;
;0.10297;
;0.08502;
;0.07123;
;0.0632;
;0.0633;
;0.06104;
;0.0625;
;0.06986;
;0.0767;
;0.09347;
;0.10518;
;0.09913;
;0.08052;
;0.07139;
;0.06749;
;0.06393;
;0.06196;
;0.06167;
;0.06133;
;0.05986;
;0.06056;
;0.06167;
;0.07153;
;0.07928;
;0.08302;
;0.077;
;0.07115;
;0.06972;
;0.06599;
;0.06581;
;0.0696;
;0.07062;
;0.0763;
;0.08186;
;0.10438;
;0.0966;
;0.07842;
;0.07307;
;0.066;
;0.07;
;0.071;
;0.0707;
;0.07046;
;0.06974;
;0.07046;
;0.07391;
;0.08398;
;0.10664;
;0.1087;
;0.08721;
;0.07569;
;0.07183;
;0.06934;
;0.06929;
;0.07064;
;0.07228;
;0.0798;
;0.09611;
;0.11902;
;0.11925;
;0.0934;
;0.08015;
;0.07798;
;0.07434;
;0.07333;
;0.07232;
;0.07034;
;0.06871;
;0.06989;
;0.07313;
;0.08427;
;0.1032;
;0.0967;
;0.07909;
;0.07131;
;0.06616;
;0.06062;
;0.06016;
;0.0633;
;0.0661;
;0.07066;
;0.09011;
;0.10741;
;0.09043;
;0.08339;
;0.07316;
;0.07325;
;0.06761;
;0.06837;
;0.06696;
;0.06701;
;0.06599;
;0.06598;
;0.06693;
;0.0815;
;0.09499;
;0.08889;
;0.07436;
;0.0549;
;0;
;-0.02;
;-0.025;
;-0.01797;
;0.03;
;0.05538;
;0.07194;
;0.08375;
;0.08;
;0.07118;
;0.0649;
;0.06479;
;0.05962;
;0.05614;
;0.05453;
;0.0533;
;0.05215;
;0.048;
;0.04721;
;0.05;
;0.05306;
;0.05306;
;0.04812;
;0.025;
;-0.0295;
;-0.03;
;-0.03979;
;-0.01957;
;0.02832;
;0.05264;
;0.06955;
;0.07808;
;0.06869;
;0.06382;
;0.06047;
;0.05917;
;0.05437;
;0.04865;
;0.04606;
;0.04098;
;0.03555;
;0.03239;
;0.03228;
;0.03391;
;0.03949;
;0.03482;
;0.02755;
;0.00004;
;-0.01003;
;-0.0273;
;-0.0273;
;-0.01001;
;0.01238;
;0.05;
;0.06992;
;0.08431;
;0.07222;
;0.07088;
;0.0729;
;0.07332;
;0.072;
;0.0652;
;0.066;
;0.06886;
;0.065;
;0.0601;
;0.05825;
;0.07664;
;0.08261;
;0.08556;
;0.0865;
;0.08219;
;0.07491;
;0.074;
;0.06859;
;0.067;
;0.0735;
;0.07918;
;0.08991;
;0.1;
;0.108;
;0.0838;
;0.0767;
;0.07503;
;0.06708;
;0.06919;
;0.06556;
;0.06651;
;0.0652;
;0.06596;
;0.0709;
;0.0748;
;0.09278;
;0.1006;
;0.09372;
;0.0845;
;0.07807;
;0.0748;
;0.07006;
;0.068;
;0.0652;
;0.07293;
;0.07787;
;0.084;
;0.10346;
;0.08157;
;0.074;
;0.07197;
;0.06853;
;0.06216;
;0.05973;
;0.05855;
;0.05804;
;0.05987;
;0.0623;
;0.07496;
;0.0854;
;0.0898;
;0.07685;
;0.06738;
;0.0632;
;0.06188;
;0.05959;
;0.05882;
;0.0632;
;0.06838;
;0.0774;
;0.0798;
;0.08144;
;0.0664;
;0.06652;
;0.06814;
;0.06388;
;0.06329;
;0.0569;
;0.05752;
;0.057;
;0.05465;
;0.06002;
;0.07142;
;0.087;
;0.08199;
;0.06571;
;0.05432;
;0.0426;
;0.02099;
;0.03;
;0.04659;
;0.05482;
;0.06599;
;0.08564;
;0.10235;
;0.08992;
;0.07362;
;0.06296;
;0.05953;
;0.05091;
;0.04789;
;0.04547;
;0.04447;
;0.04233;
;0.04222;
;0.04152;
;0.05849;
;0.06647;
;0.06742;
;0.0538;
;0.0461;
;0.0389;
;0.03712;
;0.03514;
;0.04142;
;0.04535;
;0.0604;
;0.07067;
;0.07311;
;0.08799;
;0.06381;
;0.05501;
;0.05599;
;0.04935;
;0.04366;
;0.04204;
;0.04071;
;0.0389;
;0.03863;
;0.04;
;0.0476;
;0.06022;
;0.0553;
;0.04701;
;0.04488;
;0.04163;
;0.03678;
;0.02102;
;0.01226;
;0.03138;
;0.0541;
;0.0809;
;0.097;
;0.1091;
;0.094;
;0.07468;
;0.0748;
;0.0671;
;0.06499;
;0.0609;
;0.05583;
;0.05747;
;0.05816;
;0.0599;
;0.0601;
;0.0566;
;0.05;
;0.04772;
;0.04661;
;0.04683;
;0.04215;
;0.041;
;0.04989;
;0.0582;
;0.06598;
;0.0828;
;0.0872;
;0.08694;
;0.07789;
;0.07233;
;0.0721;
;0.06591;
;0.06412;
;0.05714;
;0.05831;
;0.05746;
;0.06077;
;0.06368;
;0.07928;
;0.09765;
;0.09445;
;0.0828;
;0.07283;
;0.06664;
;0.0665;
;0.06367;
;0.0602;
;0.065;
;0.0704;
;0.09233;
;0.1292;
;0.12623;
;0.10304;
;0.07974;
;0.0776;
;0.07352;
;0.07148;
;0.0699;
;0.06875;
;0.06746;
;0.0667;
;0.06755;
;0.0848;
;0.10853;
;0.09587;
;0.07206;
;0.0641;
;0.05685;
;0.05273;
;0.05166;
;0.05354;
;0.0623;
;0.06485;
;0.0907;
;0.10875;
;0.12896;
;0.11;
;0.08904;
;0.08173;
;0.0761;
;0.07601;
;0.07245;
;0.07195;
;0.0703;
;0.07152;
;0.0771;
;0.1071;
;0.11269;
;0.09933;
;0.07141;
;0.066;
;0.06411;
;0.06411;
;0.06777;
;0.065;
;0.0719;
;0.085;
;0.116;
;0.16372;
;0.15493;
;0.12263;
;0.10488;
;0.093;
;0.07998;
;0.07455;
;0.0737;
;0.07;
;0.06657;
;0.06253;
;0.06468;
;0.081;
;0.0959;
;0.1046;
;0.08119;
;0.0747;
;0.06803;
;0.06585;
;0.05874;
;0.0644;
;0.05908;
;0.06891;
;0.09197;
;0.12101;
;0.12069;
;0.09308;
;0.07627;
;0.07245;
;0.06491;
;0.05239;
;0.04896;
;0.0463;
;0.04606;
;0.0454;
;0.05125;
;0.0636;
;0.06427;
;0.06665;
;0.05748;
;0.0639;
;0.055;
;0.052;
;0.05868;
;0.05917;
;0.066;
;0.07504;
;0.08738;
;0.1119;
;0.11218;
;0.09481;
;0.07464;
;0.0732;
;0.06984;
;0.07088;
;0.06614;
;0.05646;
;0.04999;
;0.05211;
;0.05194;
;0.04787;
;0.04348;
;0.03459;
;0.01119;
;0;
;-0.0001;
;-0.00501;
;-0.01;
;-0.00944;
;-0.00298;
;-0.00236;
;0.03768;
;0.06202;
;0.0672;
;0.05294;
;0.04584;
;0.03852;
;0.0275;
;0.02717;
;0.01167;
;0.0083;
;0.01347;
;0.01491;
;0.01718;
;0.01141;
;0.00119;
;0;
;0;
;0;
;0;
;0;
;0;
;0;
;0;
;0.0116;
;0.05;
;0.07157;
;0.07634;
;0.06711;
;0.06497;
;0.06447;
;0.064;
;0.0629;
;0.0651;
;0.07;
;0.0731;
;0.06703;
;0.07714;
;0.08777;
;0.11387;
;0.09968;
;0.07415;
;0.06696;
;0.06095;
;0.05911;
;0.0593;
;0.06104;
;0.06884;
;0.0745;
;0.0987;
;0.155;
;0.138;
;0.0869;
;0.07038;
;0.0704;
;0.06877;
;0.073;
;0.0658;
;0.0643;
;0.066;
;0.06404;
;0.06727;
;0.07533;
;0.0792;
;0.0721;
;0.062;
;0.0495;
;0.03703;
;0.01348;
;0.02762;
;0.0371;
;0.05193;
;0.07405;
;0.1067;
;0.116;
;0.1003;
;0.08;
;0.0822;
;0.0744;
;0.06692;
;0.05835;
;0.05709;
;0.05728;
;0.05559;
;0.05687;
;0.06452;
;0.07878;
;0.08277;
;0.07983;
;0.06833;
;0.06394;
;0.05814;
;0.05766;
;0.05954;
;0.06145;
;0.0739;
;0.076;
;0.09444;
;0.12042;
;0.11688;
;0.09723;
;0.07935;
;0.07947;
;0.074;
;0.07451;
;0.06219;
;0.05727;
;0.05579;
;0.0555;
;0.05752;
;0.06899;
;0.07605;
;0.07303;
;0.05809;
;0.0401;
;0.03136;
;0.00673;
;0.00005;
;0;
;0.00866;
;0.02718;
;0.04309;
;0.06368;
;0.06809;
;0.05681;
;0.04489;
;0.03276;
;0.025;
;0.0206;
;0.01883;
;0.01243;
;0.01024;
;0.01259;
;0.01432;
;0.02202;
;0.0549;
;0.0793;
;0.0636;
;0.0299;
;0.01881;
;0.01299;
;0.00986;
;0.01344;
;0.02114;
;0.04387;
;0.07544;
;0.10162;
;0.108;
;0.0874;
;0.0799;
;0.07589;
;0.07;
;0.0693;
;0.05816;
;0.06811;
;0.0658;
;0.084;
;0.06505;
;0.06989;
;0.07262;
;0.05;
;0.05439;
;0.03615;
;0.025;
;0.02574;
;0.01315;
;0.01587;
;0.03705;
;0.05252;
;0.0792;
;0.1013;
;0.13;
;0.1116;
;0.0808;
;0.07083;
;0.06574;
;0;
;0;
;0;
;0.06568;
;0.06174;
;0.06875;
;0.07402;
;0.07074;
;0.05039;
;0.04;
;0.02784;
;0.01868;
;0.00281;
;0.00097;
;0.01483;
;0.04107;
;0.06674;
;0.0868;
;0.11804;
;0.08372;
;0.0652;
;0.06055;
;0.0549;
;0.05103;
;0.04898;
;0.0451;
;0.04354;
;0.04656;
;0.05235;
;0.05526;
;0.05951;
;0.05871;
;0.06089;
;0.05296;
;0.04823;
;0.04875;
;0.00003;
;-0.00001;
;-0.00001;
;-0.00001;
;0.00579;
;0.053;
;0.09;
;0.07989;
;0.05596;
;0.041;
;0.02963;
;0.04613;
;0.03633;
;0.01646;
;0.00754;
;0.00194;
;0.00727;
;0.05132;
;0.07098;
;0.06893;
;0.05517;
;0.0301;
;0.02491;
;0.005;
;0.0025;
;0.00017;
;0;
;0.00431;
;0.04146;
;0.0727;
;0.104;
;0.11;
;0.099;
;0.07626;
;0.07243;
;0.07274;
;0.06631;
;0.06264;
;0.06466;
;0.06489;
;0.06873;
;0.08294;
;0.10652;
;0.11793;
;0.10244;
;0.10735;
;0.09092;
;0.07872;
;0.0658;
;0.0589;
;0.05809;
;0.06097;
;0.07031;
;0.085;
;0.09169;
;0.09265;
;0.07071;
;0.06549;
;0.05533;
;0.04263;
;0.04028;
;0.03908;
;0.03967;
;0.04003;
;0.04307;
;0.05349;
;0.06547;
;0.07533;
;0.07179;
;0.06917;
;0.06306;
;0.05177;
;0.04588;
;0.04515;
;0.04417;
;0.0449;
;0.05675;
;0.0651;
;0.1037;
;0.0995;
;0.0757;
;0.067;
;0.05785;
;0.05812;
;0.05446;
;0.05004;
;0.04798;
;0.04737;
;0.052;
;0.06253;
;0.07679;
;0.08;
;0.06759;
;0.05;
;0.0237;
;0.00848;
;0;
;-0.0002;
;-0.01007;
;-0.015;
;0.006;
;0.04466;
;0.0584;
;0.06489;
;0.06294;
;0.05899;
;0.0502;
;0.04231;
;0.04378;
;0.044;
;0.04487;
;0.04809;
;0.04825;
;0.05001;
;0.05119;
;0.048;
;0.02716;
;-0.01486;
;-0.0221;
;-0.05;
;-0.12092;
;-0.1253;
;-0.05;
;-0.02;
;0;
;0.05592;
;0.0692;
;0.065;
;0.0649;
;0.0466;
;0.03;
;0.01024;
;0.00009;
;0;
;0;
;0;
;0;
;0;
;0;
;0;
;-0.00001;
;-0.01001;
;-0.021;
;-0.03491;
;-0.05;
;-0.049;
;-0.02;
;-0.00016;
;0.00428;
;0.05132;
;0.084;
;0.09093;
;0.0801;
;0.07531;
;0.06968;
;0.0701;
;0.06453;
;0.06391;
;0.06606;
;0.06649;
;0.06948;
;0.09319;
;0.14978;
;0.12852;
;0.08551;
;0.06989;
;0.0671;
;0.0647;
;0.06;
;0.05789;
;0.0634;
;0.07;
;0.07501;
;0.1049;
;0.1373;
;0.1248;
;0.08485;
;0.077;
;0.07556;
;0.08331;
;0.06939;
;0.06473;
;0.05902;
;0.06084;
;0.06548;
;0.0772;
;0.08995;
;0.07978;
;0.0683;
;0.0505;
;0.04287;
;0.03278;
;0.0071;
;0.00756;
;0;
;0.0132;
;0.04072;
;0.0616;
;0.07351;
;0.07992;
;0.06664;
;0.05952;
;0.03454;
;0.0129;
;0.0051;
;0.005;
;0.00899;
;0.0247;
;0.0488;
;0.07475;
;0.09963;
;0.1067;
;0.08046;
;0.06764;
;0.05299;
;0.01921;
;0.00893;
;0;
;-0.0001;
;0.022;
;0.0649;
;0.08265;
;0.14546;
;0.1411;
;0.08828;
;0.07235;
;0.0651;
;0.04859;
;0.02667;
;0.02368;
;0.00999;
;0.00798;
;0.02838;
;0.06611;
;0.06823;
;0.0522;
;0.071;
;0.0715;
;0.07;
;0.0749;
;0.074;
;0.08505;
;0.0776;
;0.069;
;0.08605;
;0.1007;
;0.13436;
;0.1198;
;0.09105;
;0.07921;
;0.07575;
;0.0745;
;0.07035;
;0.0655;
;0.05902;
;0.05949;
;0.06401;
;0.07596;
;0.09101;
;0.086;
;0.0764;
;0.04216;
;0.01884;
;0;
;-0.0001;
;-0.01002;
;-0.00503;
;0;
;0.05035;
;0.07312;
;0.10495;
;0.1129;
;0.08034;
;0.07273;
;0.0626;
;0.05456;
;0.04415;
;0.02327;
;0.01811;
;0.01804;
;0.02408;
;0.02875;
;0.03373;
;0.0226;
;0.0088;
;-0.00002;
;-0.01016;
;-0.03166;
;-0.05;
;-0.05501;
;-0.04991;
;-0.01914;
;-0.00015;
;0.03337;
;0.0501;
;0.05883;
;0.03754;
;0.02034;
;0.0075;
;0.00044;
;0.0011;
;0.00094;
;0.00126;
;0.0026;
;0.006;
;0.01286;
;0.013;
;0.00821;
;0;
;-0.00268;
;-0.01297;
;-0.04223;
;-0.06005;
;-0.06001;
;-0.04005;
;-0.00625;
;0.00157;
;0.0797;
;0.1023;
;0.13365;
;0.12448;
;0.09716;
;0.07969;
;0.08196;
;0.0749;
;0.07055;
;0.07054;
;0.0683;
;0.07888;
;0.09875;
;0.148;
;0.10827;
;0.0626;
;0.048;
;0.04877;
;0.04217;
;0.03174;
;0.01315;
;0.00915;
;0.00699;
;0.04346;
;0.0665;
;0.07612;
;0.07489;
;0.06554;
;0.05285;
;0.03401;
;0.00143;
;0.00002;
;-0.0001;
;0;
;0.01378;
;0.0292;
;0.05159;
;0.06969;
;0.07426;
;0.06481;
;0.05077;
;0.04146;
;0.03874;
;0.03357;
;0.03342;
;0.03995;
;0.05167;
;0.07453;
;0.0873;
;0.098;
;0.11542;
;0.10171;
;0.0901;
;0.0841;
;0.08475;
;0.08384;
;0.08135;
;0.0824;
;0.08131;
;0.08234;
;0.1085;
;0.15467;
;0.152;
;0.10462;
;0.0839;
;0.0799;
;0.07517;
;0.07606;
;0.06964;
;0.07385;
;0.08;
;0.08;
;0.10321;
;0.145;
;0.1699;
;0.13006;
;0.09904;
;0.08781;
;0.09183;
;0.08742;
;0.08853;
;0.08776;
;0.08961;
;0.0917;
;0.1152;
;0.15545;
;0.13119;
;0.10112;
;0.08989;
;0.07571;
;0.0676;
;0.0681;
;0.06345;
;0.06352;
;0.06524;
;0.08086;
;0.09403;
;0.12524;
;0.12891;
;0.10592;
;0.08989;
;0.07936;
;0.06926;
;0.05601;
;0.047;
;0.04489;
;0.04393;
;0.04653;
;0.0581;
;0.06974;
;0.076;
;0.0683;
;0.0602;
;0.0466;
;0.0366;
;0.01;
;-0.0001;
;-0.0001;
;0.003;
;0.05029;
;0.0597;
;0.06223;
;0.06374;
;0.06333;
;0.06287;
;0.06157;
;0.05909;
;0.05649;
;0.05577;
;0.05664;
;0.05965;
;0.06151;
;0.06169;
;0.0661;
;0.0647;
;0.05906;
;0.04654;
;0.03438;
;0.0117;
;-0.004;
;-0.00509;
;-0.00401;
;0.025;
;0.04833;
;0.06374;
;0.07932;
;0.09117;
;0.08684;
;0.08401;
;0.0825;
;0.08185;
;0.07017;
;0.06953;
;0.0644;
;0.06388;
;0.06362;
;0.06443;
;0.06053;
;0.05593;
;0.05112;
;0.02692;
;-0.0222;
;-0.02404;
;-0.007;
;-0.00379;
;-0.01003;
;0.00467;
;0.04294;
;0.06198;
;0.08765;
;0.09526;
;0.09107;
;0.08941;
;0.08846;
;0.07718;
;0.07805;
;0.07844;
;0.07992;
;0.07979;
;0.085;
;0.10394;
;0.12942;
;0.11746;
;0.09705;
;0.07945;
;0.07224;
;0.06831;
;0.07124;
;0.06425;
;0.05945;
;0.0719;
;0.08066;
;0.10409;
;0.13612;
;0.15509;
;0.12716;
;0.10563;
;0.09694;
;0.08832;
;0.08669;
;0.08595;
;0.08542;
;0.08635;
;0.09703;
;0.11944;
;0.17628;
;0.13628;
;0.09838;
;0.08247;
;0.07725;
;0.0768;
;0.07825;
;0.07862;
;0.07833;
;0.08079;
;0.08882;
;0.10076;
;0.11831;
;0.12092;
;0.102;
;0.0844;
;0.08154;
;0.08055;
;0.07629;
;0.07588;
;0.07264;
;0.0728;
;0.07964;
;0.09276;
;0.096;
;0.10697;
;0.0817;
;0.0749;
;0.07763;
;0.0619;
;0.0466;
;0.039;
;0.04538;
;0.058;
;0.0742;
;0.075;
;0.095;
;0.12343;
;0.11601;
;0.10411;
;0.09;
;0.0835;
;0.08;
;0.07736;
;0.07552;
;0.0744;
;0.08369;
;0.10057;
;0.126;
;0.11201;
;0.0921;
;0.08001;
;0.0782;
;0.07392;
;0.0673;
;0.06468;
;0.06764;
;0.07154;
;0.07892;
;0.09469;
;0.1217;
;0.14093;
;0.11343;
;0.09135;
;0.07974;
;0.07987;
;0.074;
;0.0742;
;0.07407;
;0.0771;
;0.08298;
;0.09351;
;0.10406;
;0.09606;
;0.08108;
;0.08026;
;0.07295;
;0.07035;
;0.06874;
;0.06537;
;0.06992;
;0.07173;
;0.08023;
;0.09337;
;0.12861;
;0.13656;
;0.10861;
;0.09191;
;0.08826;
;0.09029;
;0.08847;
;0.0855;
;0.08686;
;0.08414;
;0.08249;
;0.08608;
;0.07904;
;0.06984;
;0.06126;
;0.03602;
;0.00843;
;0.00003;
;-0.00002;
;0;
;0;
;0.022;
;0.07167;
;0.09063;
;0.1199;
;0.11227;
;0.085;
;0.0759;
;0.06523;
;0.05639;
;0.04614;
;0.0396;
;0.03155;
;0.02758;
;0.02596;
;0.00992;
;0.0001;
;-0.00007;
;-0.00102;
;-0.01664;
;-0.03672;
;-0.0622;
;-0.06389;
;-0.06506;
;-0.05243;
;-0.02342;
;-0.00002;
;0.02478;
;0.06852;
;0.07708;
;0.07856;
;0.07221;
;0.06694;
;0.06315;
;0.06005;
;0.05893;
;0.06208;
;0.07478;
;0.08213;
;0.09907;
;0.1137;
;0.10051;
;0.07502;
;0.05817;
;0.03616;
;0.0349;
;0.028;
;0.03228;
;0.03555;
;0.04768;
;0.06921;
;0.0825;
;0.15;
;0.18541;
;0.10681;
;0.08686;
;0.07996;
;0.0759;
;0.0716;
;0.07005;
;0.06985;
;0.06943;
;0.07863;
;0.09389;
;0.10166;
;0.0932;
;0.07771;
;0.06206;
;0.04489;
;0.02801;
;0.01408;
;0.01281;
;0.01914;
;0.04414;
;0.06552;
;0.0862;
;0.11672;
;0.12893;
;0.08815;
;0.08;
;0.0818;
;0.07677;
;0.07989;
;0.0811;
;0.0801;
;0.068;
;0.075;
;0.0801;
;0.1;
;0.08;
;0.0167;
;-0.001;
;-0.04475;
;-0.10266;
;-0.2;
;-0.2;
;-0.092;
;-0.0288;
;0.00239;
;0.06;
;0.106;
;0.1303;
;0.1;
;0.0811;
;0.076;
;0.061;
;0.0511;
;0.04;
;0.0394;
;0.0343;
;0.0378;
;0.06898;
;0.08;
;0.084;
;0.03145;
;-0.01;
;-0.02;
;-0.01679;
;-0.02006;
;-0.0001;
;-0.00001;
;0.00549;
;0.07;
;0.08977;
;0.1044;
;0.12;
;0.096;
;0.089;
;0.088;
;0.095;
;0.08394;
;0.08;
;0.078;
;0.068;
;0.067;
;0.07632;
;0.08239;
;0.09231;
;0.1;
;0.07395;
;0.06913;
;0.061;
;0.05664;
;0.05705;
;0.06072;
;0.06401;
;0.06982;
;0.08045;
;0.097;
;0.11002;
;0.10527;
;0.09011;
;0.08292;
;0.08817;
;0.08308;
;0.08058;
;0.08104;
;0.0833;
;0.09093;
;0.086;
;0.08467;
;0.07606;
;0.06233;
;0.04117;
;0.03118;
;0.0249;
;0.01451;
;0.01334;
;0.02615;
;0.0617;
;0.0832;
;0.09734;
;0.11816;
;0.13189;
;0.10629;
;0.09326;
;0.08762;
;0.09786;
;0.09347;
;0.09054;
;0.08867;
;0.0851;
;0.0855;
;0.08029;
;0.0741;
;0.04989;
;0.02621;
;0.00885;
;0.00044;
;0;
;-0.00004;
;-0.00097;
;-0.0001;
;0;
;0.032;
;0.09256;
;0.10226;
;0.12113;
;0.1155;
;0.1065;
;0.0935;
;0.08286;
;0.0827;
;0.08418;
;0.08347;
;0.08243;
;0.08751;
;0.11312;
;0.13209;
;0.10154;
;0.08919;
;0.081;
;0.07202;
;0.06851;
;0.07279;
;0.0768;
;0.08478;
;0.08033;
;0.098;
;0.1142;
;0.13717;
;0.13795;
;0.10934;
;0.09458;
;0.08442;
;0.08173;
;0.07937;
;0.07731;
;0.08146;
;0.08173;
;0.08044;
;0.09599;
;0.11821;
;0.11266;
;0.09175;
;0.084;
;0.07539;
;0.05691;
;0.05175;
;0.04789;
;0.04881;
;0.0756;
;0.08393;
;0.09985;
;0.12061;
;0.13801;
;0.12204;
;0.1017;
;0.08301;
;0.08985;
;0.08741;
;0.08731;
;0.08564;
;0.08017;
;0.08;
;0.10868;
;0.1213;
;0.11847;
;0.1005;
;0.09303;
;0.08735;
;0.06606;
;0.06193;
;0.06209;
;0.05989;
;0.06827;
;0.07974;
;0.09478;
;0.12052;
;0.13838;
;0.12266;
;0.0984;
;0.09209;
;0.0876;
;0.08806;
;0.085;
;0.08161;
;0.07551;
;0.07656;
;0.084;
;0.0846;
;0.06164;
;0.02347;
;0.00531;
;-0.0003;
;-0.00065;
;-0.00114;
;-0.0018;
;-0.00069;
;0.00091;
;0.05834;
;0.08;
;0.09692;
;0.12066;
;0.11483;
;0.09241;
;0.09;
;0.09789;
;0.09209;
;0.08579;
;0.083;
;0.08216;
;0.0894;
;0.09892;
;0.09748;
;0.0956;
;0.0613;
;0.02012;
;0.00291;
;0.00058;
;0.0001;
;0.00008;
;0.01863;
;0.05971;
;0.0785;
;0.09325;
;0.11113;
;0.1599;
;0.13231;
;0.10487;
;0.09031;
;0.08599;
;0.08084;
;0.0791;
;0.08251;
;0.07904;
;0.07914;
;0.078;
;0.06807;
;0.04766;
;0.00672;
;0;
;-0.01148;
;-0.0267;
;-0.065;
;-0.05;
;-0.025;
;-0.00042;
;0.02976;
;0.06949;
;0.08602;
;0.108;
;0.09031;
;0.07828;
;0.06457;
;0.063;
;0.05136;
;0.04272;
;0.039;
;0.0431;
;0.03878;
;0.01761;
;0.00479;
;0.00235;
;-0.0028;
;-0.02629;
;-0.0891;
;-0.1651;
;-0.2;
;-0.18672;
;-0.10892;
;-0.0301;
;-0.00105;
;0.02484;
;0.06752;
;0.08374;
;0.06002;
;0.04676;
;0.03742;
;0.02712;
;0.02608;
;0.02584;
;0.02491;
;0.02723;
;0.042;
;0.07692;
;0.10095;
;0.08419;
;0.04489;
;0.0111;
;-0.00035;
;-0.00189;
;-0.00155;
;-0.00169;
;-0.0001;
;0.00109;
;0.06663;
;0.09673;
;0.15378;
;0.14939;
;0.1;
;0.08441;
;0.0601;
;0.0636;
;0.0553;
;0.045;
;0.04265;
;0.0376;
;0.0466;
;0.07568;
;0.07237;
;0.04615;
;0.00578;
;-0.00247;
;-0.02006;
;-0.05001;
;-0.07;
;-0.05702;
;-0.035;
;-0.0025;
;0.00076;
;0.06495;
;0.09645;
;0.112;
;0.1001;
;0.08923;
;0.1;
;0.10989;
;0.0853;
;0.0821;
;0.074;
;0.083;
;0.0811;
;0.0778;
;0.08003;
;0.0756;
;0.04352;
;0.0086;
;0.00592;
;0;
;-0.00131;
;-0.00095;
;0.00334;
;0.01;
;0.10191;
;0.0878;
;0.111;
;0.11586;
;0.1;
;0.0973;
;0.0934;
;0.098;
;0.0856;
;0.0712;
;0.06975;
;0.064;
;0.075;
;0.08106;
;0.08721;
;0.11194;
;0.08034;
;0.04392;
;0.016;
;0.00489;
;0.00044;
;0.00138;
;0.00224;
;0.061;
;0.1;
;0.1;
;0.104;
;0.119;
;0.09973;
;0.083;
;0.07452;
;0.1;
;0.09254;
;0.0901;
;0.08138;
;0.08;
;0.0901;
;0.08964;
;0.09926;
;0.09764;
;0.1069;
;0.0822;
;0.057;
;0.03786;
;0.03436;
;0.04373;
;0.055;
;0.0855;
;0.087;
;0.09;
;0.108;
;0.112;
;0.1015;
;0.09;
;0.083;
;0.08366;
;0.06357;
;0.0697;
;0.05934;
;0.0625;
;0.06458;
;0.0648;
;0.06431;
;0.05829;
;0.04269;
;0.00943;
;0.00071;
;-0.00003;
;-0.00129;
;-0.00279;
;-0.00192;
;-0.00003;
;0.04275;
;0.07;
;0.10233;
;0.12411;
;0.11388;
;0.0954;
;0.0866;
;0.09489;
;0.08933;
;0.09;
;0.08475;
;0.08695;
;0.08076;
;0.07536;
;0.06837;
;0.04989;
;0.00582;
;-0.00431;
;-0.05;
;-0.06407;
;-0.08;
;-0.07;
;-0.0499;
;-0.0136;
;-0.00009;
;0.05942;
;0.0834;
;0.10632;
;0.11476;
;0.09102;
;0.08305;
;0.08275;
;0.07105;
;0.07805;
;0.07185;
;0.0735;
;0.08132;
;0.09333;
;0.09471;
;0.06699;
;0.03164;
;0.01256;
;0.00616;
;0.00219;
;0.00013;
;-0.00018;
;-0.00011;
;0.00487;
;0.05534;
;0.07894;
;0.10596;
;0.12576;
;0.11678;
;0.09663;
;0.07986;
;0.08942;
;0.08382;
;0.07746;
;0.07706;
;0.078;
;0.0866;
;0.11132;
;0.11709;
;0.09639;
;0.07624;
;0.0616;
;0.04926;
;0.02741;
;0.02916;
;0.03321;
;0.06078;
;0.06912;
;0.0801;
;0.1079;
;0.11599;
;0.10694;
;0.10584;
;0.1014;
;0.108;
;0.10524;
;0.09322;
;0.075;
;0.068;
;0.07021;
;0.06992;
;0.08524;
;0.09595;
;0.09;
;0.07488;
;0.06335;
;0.06072;
;-0.0065;
;-0.01001;
;-0.00479;
;0;
;0.01434;
;0.07231;
;0.09216;
;0.0999;
;0.13652;
;0.11734;
;0.09969;
;0.08774;
;0.07534;
;0.07207;
;0.06647;
;0.06931;
;0.06891;
;0.07498;
;0.09432;
;0.11101;
;0.09592;
;0.07515;
;0.07103;
;0.06102;
;0.05;
;0.0439;
;0.05331;
;0.06262;
;0.07561;
;0.08829;
;0.10251;
;0.13;
;0.16541;
;0.14754;
;0.12354;
;0.10337;
;0.10143;
;0.09273;
;0.08886;
;0.08944;
;0.09431;
;0.10077;
;0.11932;
;0.11743;
;0.11078;
;0.102;
;0.09128;
;0.08414;
;0.08322;
;0.08139;
;0.08123;
;0.08338;
;0.084;
;0.096;
;0.1078;
;0.12338;
;0.12086;
;0.11583;
;0.10967;
;0.09984;
;0.09488;
;0.09087;
;0.09021;
;0.08938;
;0.08929;
;0.09;
;0.09068;
;0.08269;
;0.08212;
;0.0874;
;0.05423;
;0.00934;
;0.00324;
;0.00004;
;0;
;0.00002;
;0.01287;
;0.06522;
;0.08608;
;0.105;
;0.12436;
;0.13479;
;0.11332;
;0.10323;
;0.11712;
;0.0992;
;0.09405;
;0.0901;
;0.09215;
;0.09002;
;0.08207;
;0.0719;
;0.01325;
;0.00002;
;0;
;-0.00009;
;-0.00212;
;-0.01066;
;-0.02389;
;-0.00991;
;-0.0006;
;0.05533;
;0.09117;
;0.10091;
;0.11349;
;0.10896;
;0.09841;
;0.0875;
;0.07029;
;0.06896;
;0.0679;
;0.06787;
;0.0703;
;0.0763;
;0.09714;
;0.11056;
;0.10503;
;0.09176;
;0.08;
;0.0773;
;0.07011;
;0.06675;
;0.06497;
;0.06801;
;0.07249;
;0.0908;
;0.10629;
;0.13044;
;0.15462;
;0.14127;
;0.11464;
;0.09746;
;0.09327;
;0.094;
;0.08764;
;0.08522;
;0.08396;
;0.0884;
;0.099;
;0.10524;
;0.09261;
;0.07748;
;0.0655;
;0.0582;
;0.05133;
;0.04644;
;0.04653;
;0.05494;
;0.06089;
;0.07307;
;0.08749;
;0.11765;
;0.13003;
;0.10667;
;0.08976;
;0.07956;
;0.0681;
;0.0531;
;0.04954;
;0.0442;
;0.04214;
;0.04187;
;0.0594;
;0.08005;
;0.08564;
;0.06449;
;0.0499;
;0.04159;
;0.03516;
;0.0331;
;0.03221;
;0.0432;
;0.06347;
;0.08177;
;0.08495;
;0.099;
;0.12692;
;0.1335;
;0.1133;
;0.10183;
;0.09845;
;0.0963;
;0.08403;
;0.0895;
;0.08396;
;0.08863;
;0.09547;
;0.09604;
;0.08768;
;0.08278;
;0.0723;
;0.06713;
;0.05947;
;0.0522;
;0.05266;
;0.05653;
;0.06996;
;0.07512;
;0.0939;
;0.11645;
;0.13349;
;0.12417;
;0.0993;
;0.09024;
;0.092;
;0.07877;
;0.06652;
;0.0617;
;0.06201;
;0.07519;
;0.08896;
;0.09151;
;0.09065;
;0.085;
;0.0772;
;0.07113;
;0.06266;
;0.05669;
;0.05008;
;0.04184;
;0.04148;
;0.0651;
;0.078;
;0.09084;
;0.09303;
;0.08314;
;0.08242;
;0.07102;
;0.06786;
;0.06777;
;0.0703;
;0.05793;
;0.06327;
;0.06562;
;0.0659;
;0.06164;
;0.06;
;0.05085;
;0.03797;
;0.03374;
;0.0171;
;0.00596;
;-0.00001;
;0;
;0.01032;
;0.04189;
;0.054;
;0.06478;
;0.06669;
;0.06326;
;0.06531;
;0.05562;
;0.03062;
;0.02392;
;0.01203;
;0.005;
;0.00892;
;0.00517;
;0.00491;
;0.00411;
;0.00097;
;-0.00004;
;-0.01003;
;-0.02;
;-0.03;
;-0.06;
;-0.075;
;-0.081;
;-0.0357;
;-0.00127;
;0.01;
;0.05476;
;0.07397;
;0.096;
;0.0936;
;0.08516;
;0.0952;
;0.08255;
;0.08991;
;0.07548;
;0.07102;
;0.0817;
;0.11414;
;0.16018;
;0.14273;
;0.11033;
;0.08549;
;0.0788;
;0.06827;
;0.0617;
;0.0552;
;0.05848;
;0.06372;
;0.089;
;0.11138;
;0.15692;
;0.1877;
;0.17367;
;0.13551;
;0.10591;
;0.10551;
;0.09778;
;0.09189;
;0.08388;
;0.08078;
;0.09428;
;0.14522;
;0.16388;
;0.13666;
;0.10852;
;0.08979;
;0.07239;
;0.06117;
;0.04753;
;0.0357;
;0.0383;
;0.0434;
;0.05709;
;0.0862;
;0.094;
;0.105;
;0.11277;
;0.09662;
;0.07001;
;0.05748;
;0.04501;
;0.04567;
;0.04836;
;0.04866;
;0.06726;
;0.09244;
;0.12122;
;0.09922;
;0.07344;
;0.05664;
;0.04583;
;0.03754;
;0.02426;
;0.02093;
;0.025;
;0.04956;
;0.06736;
;0.09376;
;0.11848;
;0.14028;
;0.14445;
;0.13154;
;0.10365;
;0.08718;
;0.0806;
;0.07692;
;0.07465;
;0.07983;
;0.08931;
;0.112;
;0.1173;
;0.09683;
;0.07124;
;0.0578;
;0.0303;
;0.0252;
;0.01967;
;0.02093;
;0.03098;
;0.05375;
;0.07462;
;0.08992;
;0.1115;
;0.14844;
;0.15002;
;0.12377;
;0.1;
;0.09772;
;0.09311;
;0.091;
;0.09009;
;0.09011;
;0.08604;
;0.10796;
;0.10936;
;0.0986;
;0.0774;
;0.05856;
;0.04139;
;0.03391;
;0.02536;
;0.01741;
;0.0141;
;0.026;
;0.06009;
;0.08113;
;0.102;
;0.11967;
;0.13387;
;0.11269;
;0.09;
;0.09435;
;0.08115;
;0.07402;
;0.07258;
;0.06707;
;0.06925;
;0.06875;
;0.05353;
;0.0386;
;0.01246;
;0;
;-0.00225;
;-0.0099;
;-0.023;
;-0.02931;
;-0.02;
;-0.00746;
;0.002;
;0.04438;
;0.06637;
;0.09311;
;0.0999;
;0.10824;
;0.0836;
;0.06902;
;0.05596;
;0.03758;
;0.01548;
;0.01763;
;0.01255;
;0.00932;
;0.003;
;0.00002;
;-0.00197;
;-0.00748;
;-0.01542;
;-0.03621;
;-0.04616;
;-0.04578;
;-0.02868;
;-0.00538;
;0.00052;
;0.04;
;0.08729;
;0.10243;
;0.12148;
;0.11703;
;0.09618;
;0.07592;
;0.06511;
;0.06621;
;0.06152;
;0.05957;
;0.07475;
;0.10527;
;0.17736;
;0.15881;
;0.12603;
;0.105;
;0.1013;
;0.0881;
;0.07;
;0.0599;
;0.05811;
;0.0618;
;0.0718;
;0.08907;
;0.10989;
;0.1138;
;0.104;
;0.09716;
;0.077;
;0.06044;
;0.05712;
;0.06112;
;0.055;
;0.05807;
;0.05917;
;0.07793;
;0.09767;
;0.08775;
;0.06823;
;0.04871;
;0.03335;
;0.01331;
;0.00184;
;0.00086;
;0.0021;
;0.01314;
;0.05268;
;0.07289;
;0.10105;
;0.12583;
;0.12343;
;0.10705;
;0.0899;
;0.08516;
;0.08603;
;0.086;
;0.07974;
;0.0863;
;0.09418;
;0.12022;
;0.1149;
;0.10401;
;0.06989;
;0.05542;
;0.05;
;0.03661;
;0.03783;
;0.03804;
;0.03989;
;0.05402;
;0.07142;
;0.08906;
;0.11986;
;0.14769;
;0.15186;
;0.1283;
;0.10707;
;0.10311;
;0.08963;
;0.08362;
;0.08035;
;0.07868;
;0.0927;
;0.11403;
;0.12425;
;0.10417;
;0.07379;
;0.05695;
;0.05102;
;0.04415;
;0.03893;
;0.03596;
;0.04491;
;0.0673;
;0.07085;
;0.0909;
;0.12165;
;0.16614;
;0.13905;
;0.0996;
;0.08;
;0.06994;
;0.05894;
;0.05339;
;0.05044;
;0.04729;
;0.05272;
;0.07222;
;0.092;
;0.09755;
;0.09259;
;0.07108;
;0.0592;
;0.05175;
;0.03988;
;0.03417;
;0.03439;
;0.04879;
;0.075;
;0.09098;
;0.11307;
;0.12731;
;0.1196;
;0.1114;
;0.108;
;0.10685;
;0.104;
;0.094;
;0.087;
;0.0566;
;0.01989;
;0.00154;
;0.00009;
;0;
;-0.00006;
;-0.01008;
;-0.02899;
;-0.04487;
;-0.06544;
;-0.07999;
;-0.05617;
;-0.02917;
;-0.0045;
;-0.00001;
;0.03209;
;0.07;
;0.06777;
;0.06325;
;0.04072;
;0.02501;
;0.01025;
;0.00492;
;0.00292;
;0.00219;
;0.00253;
;0.00295;
;0.00047;
;-0.00002;
;-0.00127;
;-0.01;
;-0.01333;
;-0.02;
;-0.03;
;-0.03566;
;-0.02903;
;-0.01002;
;-0.00199;
;0.05241;
;0.09226;
;0.11104;
;0.1177;
;0.11827;
;0.0916;
;0.07016;
;0.06078;
;0.0637;
;0.07;
;0.06941;
;0.0849;
;0.1087;
;0.126;
;0.11785;
;0.08473;
;0.06348;
;0.0469;
;0.03654;
;0.03459;
;0.03945;
;0.04615;
;0.05407;
;0.07754;
;0.10136;
;0.139;
;0.18154;
;0.19693;
;0.12661;
;0.10339;
;0.08807;
;0.0849;
;0.08727;
;0.0846;
;0.0866;
;0.0949;
;0.11744;
;0.11589;
;0.09;
;0.08705;
;0.08101;
;0.06834;
;0.06691;
;0.0771;
;0.08505;
;0.09;
;0.091;
;0.09465;
;0.11517;
;0.1416;
;0.1508;
;0.11309;
;0.09519;
;0.08635;
;0.10005;
;0.08924;
;0.0797;
;0.07706;
;0.08117;
;0.07732;
;0.1019;
;0.11214;
;0.10423;
;0.08173;
;0.07249;
;0.06026;
;0.045;
;0.03356;
;0.02187;
;0.01344;
;0.03003;
;0.06416;
;0.07978;
;0.09989;
;0.12269;
;0.1177;
;0.1092;
;0.09331;
;0.08609;
;0.08156;
;0.07896;
;0.07905;
;0.0836;
;0.08772;
;0.11136;
;0.11263;
;0.10299;
;0.08109;
;0.07;
;0.06008;
;0.05687;
;0.05521;
;0.05859;
;0.06772;
;0.07639;
;0.08904;
;0.10748;
;0.13838;
;0.17048;
;0.12993;
;0.1122;
;0.09532;
;0.10094;
;0.09088;
;0.08995;
;0.08746;
;0.0845;
;0.08538;
;0.096;
;0.1209;
;0.12085;
;0.11167;
;0.10065;
;0.08994;
;0.08854;
;0.0819;
;0.07377;
;0.07432;
;0.07875;
;0.09172;
;0.09974;
;0.10956;
;0.112;
;0.10553;
;0.0963;
;0.08269;
;0.08078;
;0.07087;
;0.0618;
;0.0505;
;0.04962;
;0.04647;
;0.05815;
;0.04871;
;0.04379;
;0.03465;
;0.01254;
;0.00359;
;0.00265;
;0.00003;
;-0.00001;
;0.00008;
;0.00451;
;0.03848;
;0.0753;
;0.1078;
;0.12236;
;0.12405;
;0.11125;
;0.09099;
;0.09806;
;0.08526;
;0.08496;
;0.08019;
;0.0783;
;0.0756;
;0.07145;
;0.04815;
;0.01797;
;0.00424;
;0;
;-0.00005;
;-0.0001;
;-0.00103;
;-0.00221;
;-0.00204;
;-0.00023;
;0.01897;
;0.0636;
;0.09172;
;0.1135;
;0.12501;
;0.1201;
;0.0999;
;0.10563;
;0.0951;
;0.08993;
;0.0849;
;0.08745;
;0.09871;
;0.13314;
;0.12935;
;0.09864;
;0.0756;
;0.05062;
;0.0343;
;0.03108;
;0.02754;
;0.026;
;0.03184;
;0.06223;
;0.07989;
;0.0931;
;0.1519;
;0.20334;
;0.15607;
;0.1174;
;0.09235;
;0.0888;
;0.0848;
;0.08478;
;0.08522;
;0.0855;
;0.0949;
;0.1148;
;0.122;
;0.1038;
;0.07464;
;0.03569;
;0.0118;
;-0.0091;
;-0.02;
;-0.01289;
;0.0095;
;0.025;
;0.0629;
;0.0789;
;0.10774;
;0.12589;
;0.12209;
;0.10657;
;0.08995;
;0.10727;
;0.09991;
;0.09532;
;0.09546;
;0.09169;
;0.09705;
;0.10874;
;0.13;
;0.1211;
;0.10176;
;0.08988;
;0.08417;
;0.07864;
;0.07654;
;0.08;
;0.09049;
;0.09991;
;0.10586;
;0.10731;
;0.13426;
;0.14406;
;0.13048;
;0.11748;
;0.11;
;0.096;
;0.08691;
;0.0805;
;0.08284;
;0.078;
;0.08324;
;0.114;
;0.12401;
;0.115;
;0.08888;
;0.06708;
;0.04961;
;0.025;
;0;
;-0.00007;
;0;
;0.01952;
;0.04544;
;0.07073;
;0.099;
;0.132;
;0.125;
;0.1069;
;0.09948;
;0.09071;
;0.08991;
;0.08045;
;0.07477;
;0.0783;
;0.0849;
;0.11075;
;0.09092;
;0.07557;
;0.0258;
;0;
;-0.01006;
;-0.02;
;-0.03;
;-0.03;
;-0.0151;
;-0.00792;
;0.001;
;0.045;
;0.08702;
;0.11013;
;0.13748;
;0.1262;
;0.10885;
;0.11071;
;0.10829;
;0.10795;
;0.10719;
;0.10534;
;0.10213;
;0.09497;
;0.0822;
;0.06586;
;0.02958;
;0.00504;
;0.00004;
;-0.00001;
;-0.00024;
;-0.00008;
;0.00136;
;0.0121;
;0.06834;
;0.10325;
;0.12693;
;0.139;
;0.1135;
;0.1001;
;0.09381;
;0.0807;
;0.083;
;0.0753;
;0.06705;
;0.06436;
;0.05139;
;0.05156;
;0.02042;
;0.00683;
;0.00082;
;0;
;0;
;-0.00002;
;-0.00151;
;-0.00109;
;0;
;0.00092;
;0.03092;
;0.07575;
;0.08726;
;0.0999;
;0.104;
;0.10728;
;0.0932;
;0.09473;
;0.0857;
;0.07819;
;0.07801;
;0.07904;
;0.08023;
;0.12166;
;0.13651;
;0.1324;
;0.1096;
;0.1006;
;0.08609;
;0.07379;
;0.06663;
;0.03774;
;0.02946;
;0.03106;
;0.055;
;0.07191;
;0.09872;
;0.16252;
;0.12636;
;0.1082;
;0.08765;
;0.083;
;0.07636;
;0.07638;
;0.07574;
;0.07637;
;0.07709;
;0.0916;
;0.09823;
;0.10284;
;0.1;
;0.08781;
;0.071;
;0.06375;
;0.06036;
;0.05232;
;0.05072;
;0.0627;
;0.06484;
;0.07816;
;0.09995;
;0.11145;
;0.11025;
;0.10894;
;0.09865;
;0.16725;
;0.1099;
;0.0949;
;0.0827;
;0.0827;
;0.0799;
;0.09568;
;0.11329;
;0.113;
;0.098;
;0.08788;
;0.09041;
;0.0899;
;0.08;
;0.06164;
;0.05947;
;0.06009;
;0.07917;
;0.09356;
;0.11145;
;0.15418;
;0.10513;
;0.08739;
;0.06937;
;0.0585;
;0.035;
;0.01635;
;0.01;
;0.00743;
;0.00735;
;0.03125;
;0.03491;
;0.03286;
;0.02223;
;-0.01;
;-0.03569;
;-0.07;
;-0.1378;
;-0.149;
;-0.08;
;-0.05134;
;-0.03118;
;-0.005;
;0.04077;
;0.08186;
;0.10798;
;0.0828;
;0.06127;
;0.01354;
;0.00637;
;0.004;
;0.00267;
;0.00292;
;0.00572;
;0.02018;
;0.03095;
;0.0397;
;0.01856;
;0.00296;
;0.00042;
;0.0001;
;-0.00055;
;-0.00077;
;-0.00001;
;0.00197;
;0.01697;
;0.06426;
;0.09081;
;0.13264;
;0.13212;
;0.10565;
;0.08529;
;0.08552;
;0.06606;
;0.05894;
;0.04335;
;0.03582;
;0.01503;
;0.00593;
;0.00537;
;0.0034;
;0;
;-0.01;
;-0.02903;
;-0.03432;
;-0.05274;
;-0.06979;
;-0.11661;
;-0.09244;
;-0.04971;
;-0.01;
;-0.0025;
;0.00661;
;0.00959;
;0.01847;
;0.01492;
;0.00046;
;0.00035;
;-0.00032;
;0;
;0.00034;
;0.00025;
;0.00004;
;0;
;-0.0006;
;-0.00661;
;-0.0101;
;-0.01292;
;-0.01365;
;-0.02262;
;-0.021;
;-0.01221;
;-0.00628;
;-0.00159;
;0.05856;
;0.08631;
;0.11905;
;0.12705;
;0.11444;
;0.09686;
;0.08167;
;0.07665;
;0.0733;
;0.07659;
;0.07549;
;0.07944;
;0.11;
;0.12336;
;0.10124;
;0.07786;
;0.0542;
;0.03898;
;0.03214;
;0.02987;
;0.0299;
;0.03727;
;0.06342;
;0.08137;
;0.10152;
;0.135;
;0.24901;
;0.16923;
;0.11373;
;0.09188;
;0.10169;
;0.09107;
;0.08698;
;0.08352;
;0.08017;
;0.08889;
;0.10192;
;0.10012;
;0.0917;
;0.06702;
;0.04663;
;0.03371;
;0.02195;
;0.00657;
;0.00434;
;0.01117;
;0.04932;
;0.07947;
;0.10149;
;0.1436;
;0.14313;
;0.10868;
;0.08739;
;0.1;
;0.0999;
;0.0799;
;0.095;
;0.0763;
;0.0601;
;0.06532;
;0.08337;
;0.10457;
;0.102;
;0.08493;
;0.065;
;0.05577;
;0.04713;
;0.03668;
;0.02715;
;-0.001;
;0.00133;
;0.03522;
;0.07977;
;0.09972;
;0.117;
;0.15051;
;0.11334;
;0.09355;
;0.09591;
;0.0797;
;0.077;
;0.07848;
;0.07858;
;0.08189;
;0.10746;
;0.11291;
;0.10515;
;0.08943;
;0.08081;
;0.06739;
;0.058;
;0.04796;
;0.04439;
;0.05106;
;0.06212;
;0.07934;
;0.09199;
;0.117;
;0.17812;
;0.16217;
;0.1213;
;0.09869;
;0.1003;
;0.08438;
;0.0806;
;0.07998;
;0.0764;
;0.07937;
;0.10012;
;0.10609;
;0.10554;
;0.09785;
;0.08929;
;0.0855;
;0.08;
;0.07471;
;0.07478;
;0.07559;
;0.07401;
;0.07701;
;0.08794;
;0.09662;
;0.0916;
;0.095;
;0.08615;
;0.07943;
;0.09;
;0.075;
;0.07125;
;0.038;
;0.0329;
;0.03122;
;0.0311;
;0.02797;
;0.0266;
;0.02097;
;0.00516;
;0.00004;
;-0.00001;
;-0.00498;
;-0.01484;
;-0.01135;
;-0.00323;
;0.00038;
;0.02939;
;0.05144;
;0.07596;
;0.07659;
;0.07927;
;0.06737;
;0.08906;
;0.06334;
;0.05556;
;0.04443;
;0.03797;
;0.037;
;0.03177;
;0.01428;
;0.00029;
;-0.0033;
;-0.021;
;-0.03996;
;-0.05942;
;-0.07363;
;-0.07385;
;-0.05163;
;-0.01946;
;-0.00051;
;0.04061;
;0.08776;
;0.1128;
;0.10803;
;0.10661;
;0.08733;
;0.07963;
;0.0688;
;0.0688;
;0.072;
;0.0899;
;0.0949;
;0.1136;
;0.1302;
;0.08923;
;0.06037;
;0.03635;
;0.01215;
;0.00064;
;-0.00084;
;-0.00152;
;0.00354;
;0.04105;
;0.07706;
;0.10882;
;0.19177;
;0.21424;
;0.14016;
;0.09309;
;0.08018;
;0.07259;
;0.05816;
;0.0499;
;0.0362;
;0.03628;
;0.04704;
;0.07456;
;0.07948;
;0.07617;
;0.01;
;-0.003;
;-0.01;
;-0.01009;
;-0.0101;
;-0.01007;
;-0.01008;
;-0.01;
;0.0249;
;0.06398;
;0.0891;
;0.12137;
;0.11468;
;0.10625;
;0.0851;
;0.0876;
;0.07308;
;0.07287;
;0.07056;
;0.07108;
;0.07751;
;0.09005;
;0.10012;
;0.1057;
;0.07804;
;0.05934;
;0.04265;
;0.03353;
;0.02271;
;0.01189;
;0.01429;
;0.04013;
;0.063;
;0.08493;
;0.10963;
;0.18261;
;0.14263;
;0.11597;
;0.09217;
;0.09026;
;0.08034;
;0.07743;
;0.07801;
;0.07752;
;0.09022;
;0.116;
;0.10656;
;0.09722;
;0.0799;
;0.06482;
;0.04813;
;0.03585;
;0.03486;
;0.03802;
;0.04991;
;0.06859;
;0.08607;
;0.09611;
;0.13036;
;0.21202;
;0.17673;
;0.11996;
;0.102;
;0.09032;
;0.08052;
;0.07998;
;0.07821;
;0.08128;
;0.08941;
;0.11089;
;0.10867;
;0.0984;
;0.08143;
;0.07028;
;0.05952;
;0.04513;
;0.03709;
;0.03681;
;0.04325;
;0.065;
;0.07759;
;0.09115;
;0.11904;
;0.18112;
;0.12096;
;0.10706;
;0.09167;
;0.095;
;0.08966;
;0.088;
;0.08988;
;0.09424;
;0.0938;
;0.08845;
;0.08168;
;0.06811;
;0.04989;
;0.00515;
;-0.00097;
;-0.0054;
;-0.00507;
;-0.004;
;-0.0033;
;0.00143;
;0.05229;
;0.085;
;0.10795;
;0.13636;
;0.11254;
;0.1263;
;0.09093;
;0.089;
;0.0911;
;0.083;
;0.09;
;0.0864;
;0.1;
;0.0739;
;0.05653;
;0.0649;
;0.0197;
;0.00009;
;0.00003;
;0.00002;
;-0.00006;
;-0.00018;
;0.00007;
;0.00027;
;0.05172;
;0.08045;
;0.0985;
;0.12251;
;0.12453;
;0.10792;
;0.09016;
;0.11611;
;0.09151;
;0.0837;
;0.085;
;0.08184;
;0.07932;
;0.10871;
;0.12009;
;0.11428;
;0.0871;
;0.05;
;0.01423;
;0.02561;
;0.02112;
;0.01742;
;0.01749;
;0.0218;
;0.06332;
;0.0799;
;0.09991;
;0.13987;
;0.14026;
;0.10997;
;0.09552;
;0.08285;
;0.07365;
;0.07339;
;0.06813;
;0.07056;
;0.07368;
;0.0999;
;0.116;
;0.11045;
;0.08648;
;0.06887;
;0.0582;
;0.03648;
;0.03243;
;0.02932;
;0.03272;
;0.0462;
;0.0754;
;0.08241;
;0.09603;
;0.11693;
;0.10201;
;0.10035;
;0.0917;
;0.08351;
;0.07833;
;0.073;
;0.0736;
;0.0848;
;0.07362;
;0.09472;
;0.11294;
;0.09905;
;0.07286;
;0.05464;
;0.02009;
;0;
;-0.00197;
;-0.01;
;-0.00359;
;0.00181;
;0.03968;
;0.0687;
;0.09687;
;0.11051;
;0.12147;
;0.10901;
;0.09366;
;0.09255;
;0.0872;
;0.0849;
;0.07992;
;0.0764;
;0.09253;
;0.10616;
;0.10903;
;0.09098;
;0.07198;
;0.05508;
;0.03695;
;0.02431;
;0.01736;
;0.01327;
;0.0262;
;0.0538;
;0.08;
;0.097;
;0.1199;
;0.1483;
;0.12997;
;0.1;
;0.08495;
;0.081;
;0.0735;
;0.07501;
;0.0775;
;0.0769;
;0.07999;
;0.09476;
;0.1102;
;0.10056;
;0.0948;
;0.08872;
;0.07819;
;0.06916;
;0.0594;
;0.05;
;0.06049;
;0.07114;
;0.08819;
;0.09499;
;0.1099;
;0.14609;
;0.13839;
;0.10646;
;0.0979;
;0.10388;
;0.10303;
;0.09689;
;0.09481;
;0.09279;
;0.09019;
;0.08709;
;0.08241;
;0.08469;
;0.06638;
;0.05983;
;0.0399;
;0.028;
;0.0178;
;0.01792;
;0.0322;
;0.05856;
;0.08404;
;0.10301;
;0.11566;
;0.12176;
;0.12043;
;0.10751;
;0.09743;
;0.107;
;0.09459;
;0.0876;
;0.08153;
;0.08055;
;0.07724;
;0.07553;
;0.06745;
;0.02549;
;0.00484;
;0;
;-0.0049;
;-0.03291;
;-0.06413;
;-0.06;
;-0.0336;
;-0.0132;
;-0.00191;
;0.04;
;0.0904;
;0.10938;
;0.11238;
;0.10312;
;0.08301;
;0.07806;
;0.07442;
;0.0708;
;0.07304;
;0.07642;
;0.09695;
;0.1309;
;0.1092;
;0.09019;
;0.0632;
;0.012;
;-0.00345;
;-0.00023;
;-0.003;
;-0.00098;
;-0.00039;
;0.0134;
;0.06416;
;0.0957;
;0.11972;
;0.1722;
;0.1301;
;0.10697;
;0.0902;
;0.07632;
;0.07419;
;0.07618;
;0.08082;
;0.08538;
;0.10024;
;0.11088;
;0.10895;
;0.09841;
;0.0671;
;0.03752;
;0.00784;
;0.001;
;-0.00006;
;-0.00006;
;0.01311;
;0.04074;
;0.07731;
;0.10219;
;0.12676;
;0.16468;
;0.14462;
;0.11459;
;0.09904;
;0.09855;
;0.0862;
;0.08382;
;0.07732;
;0.0851;
;0.09412;
;0.10505;
;0.10969;
;0.09526;
;0.07883;
;0.05589;
;0.03346;
;0.02283;
;0.01136;
;0.01837;
;0.0306;
;0.03406;
;0.0758;
;0.09589;
;0.11462;
;0.13363;
;0.11264;
;0.10444;
;0.09656;
;0.09672;
;0.0898;
;0.08676;
;0.0804;
;0.0861;
;0.0991;
;0.11422;
;0.10699;
;0.10595;
;0.0901;
;0.07695;
;0.06764;
;0.06403;
;0.06034;
;0.06213;
;0.07055;
;0.07424;
;0.09378;
;0.0999;
;0.1152;
;0.1401;
;0.12336;
;0.11173;
;0.10533;
;0.09393;
;0.08887;
;0.0878;
;0.08226;
;0.0861;
;0.09444;
;0.10951;
;0.11979;
;0.11275;
;0.10442;
;0.0651;
;0.06908;
;0.06384;
;0.0517;
;0.05023;
;0.05005;
;0.06472;
;0.07691;
;0.0999;
;0.12876;
;0.14573;
;0.11692;
;0.1109;
;0.0994;
;0.10016;
;0.09633;
;0.0907;
;0.08654;
;0.08374;
;0.0921;
;0.0999;
;0.09205;
;0.08119;
;0.06291;
;0.03244;
;0.02036;
;0.01466;
;0.00641;
;0.0041;
;0.01202;
;0.0288;
;0.0707;
;0.0999;
;0.10685;
;0.1199;
;0.13085;
;0.11505;
;0.0999;
;0.10689;
;0.09765;
;0.09388;
;0.08805;
;0.0855;
;0.07906;
;0.0777;
;0.06983;
;0.05898;
;0.02687;
;0.00805;
;0.00205;
;0.00006;
;-0.00004;
;-0.00214;
;-0.00001;
;0.00103;
;0.02245;
;0.07215;
;0.104;
;0.1188;
;0.12265;
;0.11188;
;0.10293;
;0.10352;
;0.08572;
;0.0823;
;0.08512;
;0.08281;
;0.09702;
;0.11898;
;0.13729;
;0.11342;
;0.10283;
;0.07318;
;0.05144;
;0.031;
;0.026;
;0.00331;
;0.0271;
;0.05389;
;0.0836;
;0.102;
;0.15134;
;0.24523;
;0.17093;
;0.11994;
;0.10275;
;0.1016;
;0.09352;
;0.08661;
;0.08241;
;0.08324;
;0.09244;
;0.11884;
;0.12452;
;0.08433;
;0.07369;
;0.03604;
;0.02111;
;0.01584;
;0.00293;
;0.00476;
;0.01924;
;0.03884;
;0.08075;
;0.105;
;0.16139;
;0.2282;
;0.1689;
;0.11803;
;0.09922;
;0.0901;
;0.08412;
;0.0791;
;0.08447;
;0.0877;
;0.10436;
;0.12607;
;0.12832;
;0.10815;
;0.08784;
;0.07205;
;0.06148;
;0.03688;
;-0.00288;
;-0.01006;
;-0.01006;
;0;
;0.055;
;0.105;
;0.09794;
;0.12593;
;0.13425;
;0.11274;
;0.10278;
;0.09663;
;0.08879;
;0.08852;
;0.08806;
;0.08841;
;0.09611;
;0.11091;
;0.12495;
;0.11776;
;0.10684;
;0.0861;
;0.0716;
;0.05026;
;0.04049;
;0.02999;
;0.03821;
;0.05745;
;0.08022;
;0.10177;
;0.1;
;0.13877;
;0.135;
;0.102;
;0.09356;
;0.09812;
;0.07376;
;0.05188;
;0.03628;
;0.0528;
;0.03349;
;0.07935;
;0.08272;
;0.05248;
;0.03097;
;0.00853;
;0.00021;
;-0.00048;
;-0.00089;
;-0.003;
;-0.01;
;-0.00888;
;-0.0009;
;0.0402;
;0.08383;
;0.12701;
;0.13232;
;0.1199;
;0.116;
;0.0875;
;0.09663;
;0.09193;
;0.08907;
;0.0864;
;0.08892;
;0.09793;
;0.07713;
;0.03195;
;0.0002;
;-0.003;
;-0.0122;
;-0.02249;
;-0.04756;
;-0.05204;
;-0.03;
;-0.01008;
;-0.0013;
;0.04877;
;0.10798;
;0.12849;
;0.13691;
;0.1199;
;0.10795;
;0.10941;
;0.10781;
;0.10529;
;0.10146;
;0.10549;
;0.11798;
;0.11434;
;0.084;
;0.02798;
;0;
;-0.00501;
;-0.01499;
;-0.03293;
;-0.05997;
;-0.0501;
;-0.0314;
;-0.00524;
;0.00066;
;0.09002;
;0.132;
;0.13893;
;0.12768;
;0.10999;
;0.09728;
;0.10438;
;0.09184;
;0.0853;
;0.0855;
;0.08631;
;0.08641;
;0.11264;
;0.11968;
;0.09939;
;0.0637;
;0.04012;
;0.01604;
;0.0009;
;-0.003;
;-0.01006;
;0.01;
;0.04804;
;0.08865;
;0.12123;
;0.19898;
;0.21999;
;0.12892;
;0.10655;
;0.09999;
;0.09938;
;0.08772;
;0.08559;
;0.0872;
;0.089;
;0.09936;
;0.12421;
;0.13232;
;0.11789;
;0.1001;
;0.07398;
;0.05603;
;0.04301;
;0.0405;
;0.048;
;0.06416;
;0.0851;
;0.10293;
;0.1183;
;0.18946;
;0.19284;
;0.12669;
;0.112;
;0.10492;
;0.08788;
;0.0899;
;0.0866;
;0.0903;
;0.09042;
;0.10311;
;0.12438;
;0.13243;
;0.12261;
;0.11329;
;0.1;
;0.0943;
;0.08304;
;0.077;
;0.07474;
;0.07932;
;0.09102;
;0.1008;
;0.11148;
;0.155;
;0.20538;
;0.14389;
;0.11865;
;0.108;
;0.1045;
;0.10271;
;0.09837;
;0.08937;
;0.09;
;0.10205;
;0.11216;
;0.11266;
;0.10484;
;0.08011;
;0.05259;
;0.01831;
;0.00991;
;-0.00014;
;-0.0002;
;-0.003;
;-0.01005;
;0.0299;
;0.10059;
;0.1094;
;0.12695;
;0.12147;
;0.1114;
;0.09354;
;0.084;
;0.07311;
;0.08345;
;0.0821;
;0.08422;
;0.08903;
;0.12042;
;0.12653;
;0.12;
;0.11001;
;0.1;
;0.0896;
;0.07439;
;0.0535;
;0.04771;
;0.05425;
;0.07849;
;0.09697;
;0.12576;
;0.20873;
;0.21925;
;0.16079;
;0.13175;
;0.11618;
;0.1071;
;0.10574;
;0.10081;
;0.098;
;0.10302;
;0.10329;
;0.10083;
;0.09823;
;0.09975;
;0.08167;
;0.06899;
;0.048;
;0.033;
;0.0271;
;0.01928;
;0.03055;
;0.05606;
;0.08459;
;0.11258;
;0.13277;
;0.14182;
;0.12503;
;0.11611;
;0.10569;
;0.10744;
;0.10614;
;0.1;
;0.09861;
;0.0967;
;0.0961;
;0.0923;
;0.08693;
;0.08315;
;0.07535;
;0.06256;
;0.0153;
;0.00893;
;0.01;
;0;
;0;
;0.0173;
;0.06841;
;0.08396;
;0.10478;
;0.11173;
;0.10997;
;0.11145;
;0.09951;
;0.09739;
;0.0901;
;0.0887;
;0.08486;
;0.0845;
;0.08677;
;0.12285;
;0.14977;
;0.12865;
;0.11258;
;0.09608;
;0.08871;
;0.08322;
;0.07799;
;0.07895;
;0.0792;
;0.0803;
;0.09867;
;0.10704;
;0.16;
;0.20094;
;0.13898;
;0.10105;
;0.08633;
;0.09286;
;0.08836;
;0.08677;
;0.08623;
;0.08314;
;0.08679;
;0.11976;
;0.12071;
;0.10929;
;0.10224;
;0.06058;
;0.04691;
;0.03285;
;0.01607;
;0.00825;
;0.02721;
;0.04992;
;0.10026;
;0.11684;
;0.12366;
;0.14508;
;0.12;
;0.10342;
;0.09469;
;0.0849;
;0.0764;
;0.06214;
;0.05136;
;0.0499;
;0.054;
;0.08059;
;0.08715;
;0.0865;
;0.051;
;-0.00424;
;-0.0105;
;-0.019;
;-0.03173;
;-0.0291;
;-0.02104;
;-0.01656;
;-0.002;
;0.06721;
;0.1021;
;0.13667;
;0.12863;
;0.10237;
;0.08549;
;0.07787;
;0.07059;
;0.07607;
;0.058;
;0.0499;
;0.0624;
;0.089;
;0.06274;
;0.0466;
;0.016;
;-0.00696;
;-0.01943;
;-0.021;
;-0.02896;
;-0.02675;
;-0.01553;
;-0.01005;
;0;
;0.09;
;0.11265;
;0.1147;
;0.11118;
;0.09607;
;0.07915;
;0.05128;
;0.0407;
;0.03302;
;0.017;
;0.0094;
;0.00685;
;0.01508;
;0.02773;
;0.02999;
;0.00126;
;-0.00079;
;-0.00397;
;-0.00008;
;-0.001;
;-0.01;
;-0.01008;
;-0.01006;
;-0.002;
;0.0502;
;0.09885;
;0.1187;
;0.12399;
;0.11986;
;0.10084;
;0.0944;
;0.102;
;0.09838;
;0.09789;
;0.09893;
;0.10281;
;0.0999;
;0.09907;
;0.07331;
;0.015;
;-0.00002;
;-0.00684;
;-0.01864;
;-0.04035;
;-0.04492;
;-0.02907;
;-0.01005;
;-0.00366;
;0.06756;
;0.0901;
;0.08019;
;0.0713;
;0.06414;
;0.04939;
;0.00039;
;0.00092;
;0;
;-0.00075;
;-0.00057;
;0;
;0.00005;
;-0.00001;
;0;
;-0.00139;
;-0.00607;
;-0.0101;
;-0.0155;
;-0.01937;
;-0.02047;
;-0.01007;
;-0.00535;
;-0.0025;
;0.0592;
;0.1066;
;0.12223;
;0.10792;
;0.10105;
;0.09249;
;0.09211;
;0.08156;
;0.07987;
;0.07597;
;0.07902;
;0.0826;
;0.11209;
;0.10904;
;0.09;
;0.0725;
;0.032;
;0.01338;
;0.005;
;0.005;
;0.01634;
;0.02439;
;0.03824;
;0.09885;
;0.11409;
;0.186;
;0.22428;
;0.14235;
;0.111;
;0.1066;
;0.09858;
;0.08969;
;0.0853;
;0.0853;
;0.086;
;0.0962;
;0.12036;
;0.13326;
;0.11031;
;0.08398;
;0.07232;
;0.02837;
;0.00401;
;0.00019;
;0.00113;
;0.02312;
;0.0454;
;0.08893;
;0.11606;
;0.225;
;0.21177;
;0.12095;
;0.10543;
;0.09267;
;0.09075;
;0.0915;
;0.0877;
;0.08898;
;0.09122;
;0.09173;
;0.11396;
;0.1284;
;0.121;
;0.1054;
;0.08765;
;0.06897;
;0.03495;
;0.01004;
;0.00487;
;0.05488;
;0.07857;
;0.09177;
;0.11061;
;0.19629;
;0.19889;
;0.12529;
;0.112;
;0.10001;
;0.09391;
;0.0943;
;0.0899;
;0.0889;
;0.08955;
;0.10045;
;0.11391;
;0.13326;
;0.12624;
;0.10871;
;0.09222;
;0.08444;
;0.06569;
;0.0449;
;0.05149;
;0.07946;
;0.08965;
;0.10439;
;0.11469;
;0.21984;
;0.27849;
;0.166;
;0.12493;
;0.10978;
;0.1088;
;0.09915;
;0.09326;
;0.09141;
;0.09423;
;0.10416;
;0.13211;
;0.14667;
;0.13259;
;0.1137;
;0.09825;
;0.08995;
;0.08619;
;0.08023;
;0.07897;
;0.08187;
;0.08546;
;0.09916;
;0.1222;
;0.14269;
;0.13729;
;0.11271;
;0.09683;
;0.09536;
;0.10658;
;0.09818;
;0.0969;
;0.09559;
;0.0914;
;0.0941;
;0.0966;
;0.1018;
;0.1006;
;0.08492;
;0.06013;
;0.01834;
;-0.00554;
;-0.00898;
;-0.01157;
;-0.02;
;0.0128;
;0.075;
;0.11241;
;0.13653;
;0.12475;
;0.10676;
;0.09931;
;0.08888;
;0.09389;
;0.08599;
;0.08037;
;0.07957;
;0.07987;
;0.07657;
;0.0738;
;0.07209;
;0.06063;
;0.04127;
;0.01273;
;-0.00483;
;-0.01994;
;-0.04092;
;-0.03337;
;-0.01332;
;0.02399;
;0.07719;
;0.11053;
;0.13127;
;0.12379;
;0.10771;
;0.10201;
;0.09151;
;0.09124;
;0.09477;
;0.09239;
;0.09251;
;0.09222;
;0.10089;
;0.1132;
;0.13485;
;0.13194;
;0.12264;
;0.10283;
;0.09082;
;0.08502;
;0.08102;
;0.08346;
;0.08817;
;0.09416;
;0.11288;
;0.14319;
;0.25553;
;0.21049;
;0.13333;
;0.11471;
;0.104;
;0.09958;
;0.093;
;0.0915;
;0.09297;
;0.096;
;0.10246;
;0.1239;
;0.14843;
;0.13395;
;0.11598;
;0.09888;
;0.09002;
;0.0848;
;0.08269;
;0.08412;
;0.08667;
;0.09149;
;0.1146;
;0.1799;
;0.33459;
;0.34;
;0.2068;
;0.13247;
;0.11732;
;0.1082;
;0.10039;
;0.0981;
;0.09813;
;0.0966;
;0.10666;
;0.1394;
;0.17433;
;0.15258;
;0.12484;
;0.10721;
;0.09577;
;0.09189;
;0.09037;
;0.08925;
;0.09264;
;0.10045;
;0.12162;
;0.15343;
;0.303;
;0.18195;
;0.12988;
;0.10897;
;0.09989;
;0.10127;
;0.0946;
;0.09;
;0.08711;
;0.08057;
;0.0843;
;0.10676;
;0.1136;
;0.11904;
;0.09768;
;0.097;
;0.0551;
;0.00369;
;-0.01339;
;-0.021;
;-0.0101;
;-0.01;
;0.0667;
;0.08413;
;0.10752;
;0.12;
;0.10965;
;0.0877;
;0.08792;
;0.0687;
;0.06025;
;0.05006;
;0.04883;
;0.058;
;0.07;
;0.09329;
;0.11825;
;0.12007;
;0.09976;
;0.07775;
;0.0299;
;0.00378;
;0.01248;
;0.0328;
;0.06517;
;0.07607;
;0.095;
;0.10016;
;0.1293;
;0.13447;
;0.101;
;0.0955;
;0.09291;
;0.1023;
;0.09661;
;0.09473;
;0.09241;
;0.0944;
;0.09735;
;0.10026;
;0.10255;
;0.09504;
;0.092;
;0.05152;
;0.01424;
;0.00548;
;0.00102;
;0.00044;
;0.00828;
;0.04765;
;0.09667;
;0.12452;
;0.15044;
;0.13113;
;0.10144;
;0.09185;
;0.08929;
;0.09391;
;0.08953;
;0.08368;
;0.082;
;0.08239;
;0.0851;
;0.08336;
;0.08207;
;0.07673;
;0.03787;
;0.00829;
;0.00044;
;0.00004;
;-0.00002;
;-0.00269;
;0.00006;
;0.0545;
;0.0859;
;0.10783;
;0.11699;
;0.12431;
;0.11169;
;0.10229;
;0.09519;
;0.08531;
;0.08576;
;0.07939;
;0.09114;
;0.08559;
;0.08531;
;0.11343;
;0.14387;
;0.16397;
;0.1245;
;0.1076;
;0.09675;
;0.08629;
;0.08291;
;0.07361;
;0.07599;
;0.06727;
;0.07849;
;0.11;
;0.11518;
;0.112;
;0.09613;
;0.088;
;0.07993;
;0.069;
;0.072;
;0.0614;
;0.06764;
;0.06533;
;0.07735;
;0.09842;
;0.12544;
;0.11043;
;0.07601;
;0.04037;
;0.00786;
;-0.00063;
;0.00016;
;-0.00106;
;-0.00183;
;0;
;0.02326;
;0.08074;
;0.0999;
;0.1196;
;0.1263;
;0.094;
;0.0749;
;0.05;
;0.04;
;0.03984;
;0.03396;
;0.04;
;0.04848;
;0.1005;
;0.1035;
;0.1101;
;0.09745;
;0.07658;
;0.04368;
;0.03191;
;0.02;
;0.00202;
;0.0551;
;0.06991;
;0.09879;
;0.11389;
;0.14118;
;0.13631;
;0.114;
;0.10256;
;0.10108;
;0.08768;
;0.08187;
;0.08284;
;0.08076;
;0.08051;
;0.0846;
;0.10551;
;0.13355;
;0.13488;
;0.10343;
;0.08503;
;0.07799;
;0.07714;
;0.0758;
;0.076;
;0.07704;
;0.08975;
;0.1;
;0.1121;
;0.196;
;0.19616;
;0.11708;
;0.09908;
;0.09178;
;0.09973;
;0.09052;
;0.08497;
;0.08237;
;0.07978;
;0.08598;
;0.0991;
;0.11955;
;0.1316;
;0.0904;
;0.09918;
;0.09115;
;0.045;
;0.048;
;0.01;
;0.04991;
;0.06671;
;0.07298;
;0.09583;
;0.1001;
;0.1099;
;0.1034;
;0.08999;
;0.09532;
;0.1197;
;0.1076;
;0.1002;
;0.0928;
;0.081;
;0.07311;
;0.0831;
;0.1129;
;0.111;
;0.105;
;0.0499;
;0.00815;
;0.00111;
;0.00025;
;-0.00014;
;0.00054;
;0.01033;
;0.06509;
;0.10086;
;0.12658;
;0.12171;
;0.1099;
;0.09375;
;0.0899;
;0.08177;
;0.0799;
;0.07328;
;0.07576;
;0.07132;
;0.0726;
;0.07594;
;0.0999;
;0.106;
;0.05407;
;0.01092;
;0.00007;
;0;
;-0.00001;
;-0.0004;
;-0.0002;
;0.01925;
;0.08225;
;0.1092;
;0.1305;
;0.12678;
;0.11079;
;0.10421;
;0.0926;
;0.09299;
;0.08159;
;0.07848;
;0.08242;
;0.0793;
;0.0801;
;0.108;
;0.12814;
;0.14606;
;0.1264;
;0.1046;
;0.09525;
;0.08442;
;0.07433;
;0.06468;
;0.05954;
;0.06025;
;0.07917;
;0.10166;
;0.1088;
;0.10901;
;0.0901;
;0.07881;
;0.075;
;0.08554;
;0.0823;
;0.0787;
;0.0772;
;0.073;
;0.07693;
;0.09489;
;0.12744;
;0.12919;
;0.09819;
;0.0799;
;0.06746;
;0.04867;
;0.028;
;0.00745;
;0.0286;
;0.05998;
;0.07886;
;0.1114;
;0.13056;
;0.1099;
;0.0949;
;0.08719;
;0.08263;
;0.07805;
;0.07732;
;0.07805;
;0.07701;
;0.07465;
;0.08322;
;0.0999;
;0.13892;
;0.13178;
;0.09855;
;0.07779;
;0.04782;
;0.00549;
;0;
;-0.00007;
;0.00069;
;0.03487;
;0.07912;
;0.10967;
;0.12992;
;0.10824;
;0.08872;
;0.08253;
;0.07379;
;0.07585;
;0.07609;
;0.08607;
;0.08874;
;0.081;
;0.08825;
;0.11155;
;0.14162;
;0.1237;
;0.09728;
;0.07481;
;0.04576;
;0.00497;
;-0.00007;
;-0.00009;
;0.009;
;0.05121;
;0.09083;
;0.11401;
;0.13394;
;0.1135;
;0.09106;
;0.08897;
;0.07887;
;0.07238;
;0.07404;
;0.07342;
;0.06997;
;0.073;
;0.07927;
;0.10864;
;0.14145;
;0.1087;
;0.08892;
;0.06205;
;0.02469;
;0.00835;
;-0.00004;
;0.00007;
;0.0085;
;0.04434;
;0.08512;
;0.10728;
;0.14721;
;0.10965;
;0.09107;
;0.0878;
;0.08708;
;0.08829;
;0.0853;
;0.082;
;0.08219;
;0.08638;
;0.08948;
;0.09807;
;0.10228;
;0.08594;
;0.06121;
;0.022;
;0.00315;
;0;
;-0.00336;
;-0.00395;
;0.00109;
;0.04314;
;0.08637;
;0.12593;
;0.144;
;0.113;
;0.09506;
;0.0936;
;0.08672;
;0.0983;
;0.09005;
;0.08993;
;0.08956;
;0.09075;
;0.09105;
;0.09564;
;0.0982;
;0.08347;
;0.0649;
;0.02617;
;0.01225;
;0.0115;
;0.00021;
;0.00001;
;0.00966;
;0.05828;
;0.10319;
;0.13102;
;0.16206;
;0.128;
;0.10935;
;0.09876;
;0.092;
;0.0873;
;0.08015;
;0.0816;
;0.08277;
;0.08403;
;0.0909;
;0.13069;
;0.20373;
;0.15133;
;0.10999;
;0.0969;
;0.08016;
;0.07894;
;0.073;
;0.07042;
;0.06953;
;0.09054;
;0.11824;
;0.20551;
;0.28329;
;0.16799;
;0.10887;
;0.09084;
;0.08449;
;0.0829;
;0.07725;
;0.0768;
;0.077;
;0.07211;
;0.0797;
;0.1017;
;0.13899;
;0.1274;
;0.10007;
;0.08562;
;0.07838;
;0.06922;
;0.06088;
;0.05511;
;0.068;
;0.07693;
;0.09238;
;0.11364;
;0.12469;
;0.10228;
;0.0805;
;0.07651;
;0.067;
;0.06218;
;0.077;
;0.069;
;0.0568;
;0.07327;
;0.06877;
;0.0832;
;0.09553;
;0.10039;
;0.1015;
;0.097;
;0.0851;
;0.08555;
;0.076;
;0.085;
;0.07982;
;0.09758;
;0.11874;
;0.17408;
;0.19939;
;0.13184;
;0.1035;
;0.098;
;0.08894;
;0.05852;
;0.05082;
;0.04586;
;0.04307;
;0.03917;
;0.0434;
;0.06615;
;0.0852;
;0.0834;
;0.06498;
;0.04596;
;0.03162;
;0.017;
;0.0119;
;0.0116;
;0.03041;
;0.047;
;0.06368;
;0.08;
;0.0951;
;0.08214;
;0.06104;
;0.05229;
;0.0363;
;0.00005;
;-0.00011;
;-0.00102;
;-0.00059;
;-0.00585;
;-0.00184;
;0.00042;
;0.02542;
;0.04054;
;0.00778;
;0;
;-0.00162;
;0;
;0.0003;
;0.00388;
;0.00493;
;0.0183;
;0.05297;
;0.0725;
;0.07896;
;0.07273;
;0.04472;
;0.0425;
;0.0252;
;0.00177;
;0.00303;
;0.00329;
;0.00316;
;0.00327;
;0.00415;
;0.01196;
;0.0399;
;0.04201;
;0.03517;
;0.00983;
;0.00382;
;0.00066;
;0;
;0;
;0.00006;
;0.00983;
;0.075;
;0.1052;
;0.14477;
;0.14198;
;0.1055;
;0.0945;
;0.09022;
;0.1074;
;0.111;
;0.082;
;0.0993;
;0.09997;
;0.0849;
;0.0751;
;0.098;
;0.09443;
;0.05443;
;0.00133;
;0;
;-0.00001;
;-0.0005;
;-0.00045;
;0;
;0.04263;
;0.09661;
;0.1506;
;0.16616;
;0.10909;
;0.07964;
;0.065;
;0.03736;
;0.01857;
;0.01082;
;0.00808;
;0.00523;
;0.0058;
;0.01732;
;0.0464;
;0.08358;
;0.08891;
;0.06327;
;0.03909;
;0.0184;
;0.00928;
;0.00206;
;0.015;
;0.026;
;0.059;
;0.088;
;0.0799;
;0.06656;
;0.05;
;0.02574;
;0.02086;
;0.00984;
;0.00321;
;0.00007;
;0.00005;
;0.00002;
;0.00009;
;0.0059;
;0.0628;
;0.10442;
;0.11492;
;0.10032;
;0.07641;
;0.06869;
;0.0588;
;0.0556;
;0.05645;
;0.06163;
;0.09333;
;0.10542;
;0.1306;
;0.13925;
;0.11937;
;0.09257;
;0.09145;
;0.07624;
;0.08538;
;0.088;
;0.0856;
;0.081;
;0.07838;
;0.0808;
;0.09765;
;0.1199;
;0.13372;
;0.11623;
;0.097;
;0.0954;
;0.088;
;0.08057;
;0.079;
;0.08143;
;0.08158;
;0.09909;
;0.11701;
;0.13007;
;0.11437;
;0.09641;
;0.09342;
;0.085;
;0.066;
;0.0638;
;0.0799;
;0.08;
;0.0801;
;0.086;
;0.08867;
;0.1259;
;0.14348;
;0.10768;
;0.0701;
;0.06222;
;0.04701;
;0.03499;
;0.03834;
;0.04713;
;0.07027;
;0.0999;
;0.12146;
;0.14;
;0.1236;
;0.101;
;0.09762;
;0.09;
;0.0751;
;0.07252;
;0.0766;
;0.0799;
;0.07233;
;0.0771;
;0.103;
;0.12708;
;0.14142;
;0.11643;
;0.10015;
;0.08398;
;0.07413;
;0.07144;
;0.07244;
;0.07498;
;0.08567;
;0.10442;
;0.12918;
;0.148;
;0.1237;
;0.0999;
;0.0999;
;0.09;
;0.0931;
;0.08464;
;0.0814;
;0.07554;
;0.07572;
;0.07982;
;0.0862;
;0.1004;
;0.11062;
;0.10173;
;0.08008;
;0.06;
;0.04221;
;0.036;
;0.026;
;0.05611;
;0.07255;
;0.09255;
;0.13807;
;0.13797;
;0.10635;
;0.09457;
;0.08429;
;0.067;
;0.06512;
;0.06065;
;0.0591;
;0.05813;
;0.05693;
;0.05813;
;0.05793;
;0.06635;
;0.0701;
;0.0599;
;0.035;
;0.01668;
;0.00525;
;-0.00001;
;-0.00001;
;0.0002;
;0.0531;
;0.08278;
;0.1063;
;0.1063;
;0.0976;
;0.0763;
;0.0649;
;0.05171;
;0.03458;
;0.03534;
;0.03325;
;0.02996;
;0.03356;
;0.043;
;0.06408;
;0.102;
;0.10832;
;0.09183;
;0.06605;
;0.0602;
;0.04588;
;0.04329;
;0.055;
;0.06145;
;0.08879;
;0.1124;
;0.22765;
;0.21736;
;0.12743;
;0.09991;
;0.09433;
;0.07912;
;0.06872;
;0.062;
;0.05823;
;0.05285;
;0.05257;
;0.0614;
;0.08549;
;0.10661;
;0.11;
;0.0891;
;0.08033;
;0.07342;
;0.06651;
;0.07097;
;0.07579;
;0.07753;
;0.08592;
;0.114;
;0.144;
;0.15827;
;0.10923;
;0.0949;
;0.08186;
;0.06353;
;0.05636;
;0.05205;
;0.04921;
;0.0463;
;0.04885;
;0.05497;
;0.07787;
;0.09888;
;0.10109;
;0.087;
;0.06614;
;0.05528;
;0.05599;
;0.059;
;0.06848;
;0.08527;
;0.095;
;0.112;
;0.128;
;0.12917;
;0.1174;
;0.0999;
;0.09794;
;0.0795;
;0.07;
;0.04539;
;0.039;
;0.03534;
;0.0263;
;0.03379;
;0.05614;
;0.0849;
;0.08046;
;0.0675;
;0.05201;
;0.03893;
;0.02189;
;0.01594;
;0.02001;
;0.03837;
;0.058;
;0.0899;
;0.1099;
;0.14594;
;0.12;
;0.09041;
;0.09526;
;0.0862;
;0.0839;
;0.0799;
;0.07919;
;0.06791;
;0.06914;
;0.08029;
;0.09995;
;0.14041;
;0.15549;
;0.11001;
;0.09;
;0.07235;
;0.06165;
;0.05717;
;0.05956;
;0.06696;
;0.08535;
;0.1066;
;0.15835;
;0.17205;
;0.12;
;0.09979;
;0.1;
;0.09;
;0.09121;
;0.08333;
;0.08054;
;0.08146;
;0.07781;
;0.0749;
;0.07163;
;0.1056;
;0.122;
;0.1199;
;0.12581;
;0.0899;
;0.06759;
;0.04432;
;0.02334;
;0.04635;
;0.06947;
;0.08455;
;0.08277;
;0.07944;
;0.06058;
;0.04542;
;0.03487;
;0.02537;
;0;
;-0.00001;
;-0.00007;
;-0.00037;
;-0.00051;
;-0.00009;
;-0.00001;
;0.00172;
;0.01796;
;0.00985;
;0;
;-0.01;
;-0.01006;
;-0.01004;
;-0.00301;
;0.00728;
;0.03014;
;0.115;
;0.11874;
;0.13197;
;0.10807;
;0.0999;
;0.094;
;0.09;
;0.104;
;0.0899;
;0.098;
;0.094;
;0.072;
;0.0622;
;0.09874;
;0.13053;
;0.15312;
;0.12558;
;0.103;
;0.09553;
;0.09156;
;0.085;
;0.07416;
;0.08832;
;0.10579;
;0.15851;
;0.25;
;0.26327;
;0.158;
;0.11364;
;0.09966;
;0.0948;
;0.0904;
;0.08608;
;0.08876;
;0.08404;
;0.07994;
;0.087;
;0.1099;
;0.17594;
;0.17113;
;0.11054;
;0.09274;
;0.08305;
;0.07847;
;0.07116;
;0.07003;
;0.07737;
;0.08633;
;0.11617;
;0.13218;
;0.10153;
;0.0769;
;0.06644;
;0.05924;
;0.04213;
;0.02554;
;0.0128;
;0.0053;
;0.00361;
;0.00286;
;0.00719;
;0.04136;
;0.0615;
;0.0801;
;0.05429;
;0.02668;
;0.01416;
;0.00409;
;0.00204;
;0.004;
;0.01418;
;0.052;
;0.0999;
;0.106;
;0.104;
;0.07874;
;0.067;
;0.03514;
;0.02654;
;0.01704;
;0.01215;
;0.01048;
;0.00561;
;0.01001;
;0.02897;
;0.06922;
;0.09894;
;0.1018;
;0.1041;
;0.10191;
;0.098;
;0.096;
;0.0947;
;0.0926;
;0.0966;
;0.096;
;0.1247;
;0.18132;
;0.171;
;0.1175;
;0.1;
;0.097;
;0.0884;
;0.08727;
;0.08592;
;0.08971;
;0.08268;
;0.08697;
;0.08705;
;0.10058;
;0.14666;
;0.15767;
;0.11811;
;0.10345;
;0.08996;
;0.09033;
;0.0862;
;0.09053;
;0.0868;
;0.10329;
;0.13367;
;0.181;
;0.14285;
;0.10325;
;0.09706;
;0.09713;
;0.08674;
;0.09109;
;0.09207;
;0.08788;
;0.08108;
;0.08465;
;0.08348;
;0.08321;
;0.09055;
;0.0987;
;0.0918;
;0.07859;
;0.07203;
;0.066;
;0.06015;
;0.061;
;0.07545;
;0.096;
;0.10683;
;0.13313;
;0.117;
;0.09545;
;0.0886;
;0.08341;
;0.07333;
;0.05404;
;0.0549;
;0.05458;
;0.05591;
;0.05959;
;0.06301;
;0.05995;
;0.07324;
;0.0658;
;0.04436;
;0.00637;
;0.00008;
;0;
;-0.00098;
;-0.00201;
;0;
;0.005;
;0.05555;
;0.06;
;0.04744;
;0.03509;
;0.02172;
;0.01266;
;0.00202;
;-0.0001;
;-0.0001;
;-0.00014;
;-0.00008;
;0;
;0.00345;
;0.06196;
;0.10413;
;0.12035;
;0.1039;
;0.091;
;0.08491;
;0.08;
;0.08315;
;0.08319;
;0.09582;
;0.11657;
;0.13004;
;0.21215;
;0.18835;
;0.12818;
;0.10056;
;0.09779;
;0.09297;
;0.08942;
;0.08704;
;0.08433;
;0.0836;
;0.08302;
;0.086;
;0.09814;
;0.15;
;0.16301;
;0.11337;
;0.09879;
;0.08853;
;0.07761;
;0.07088;
;0.07193;
;0.0818;
;0.10311;
;0.10745;
;0.13992;
;0.15832;
;0.11428;
;0.09959;
;0.09573;
;0.08835;
;0.08116;
;0.08378;
;0.08353;
;0.08581;
;0.08369;
;0.09064;
;0.10472;
;0.13749;
;0.16241;
;0.12769;
;0.1022;
;0.09124;
;0.08236;
;0.07707;
;0.07542;
;0.0842;
;0.09737;
;0.13997;
;0.20536;
;0.176;
;0.11316;
;0.10122;
;0.10293;
;0.09316;
;0.08676;
;0.08011;
;0.0781;
;0.07567;
;0.07607;
;0.08017;
;0.10035;
;0.14186;
;0.16539;
;0.11477;
;0.09831;
;0.08903;
;0.08;
;0.07508;
;0.07513;
;0.08727;
;0.10615;
;0.12358;
;0.13637;
;0.11604;
;0.09661;
;0.09329;
;0.11146;
;0.08361;
;0.0825;
;0.08207;
;0.07969;
;0.0826;
;0.08447;
;0.09459;
;0.10343;
;0.12003;
;0.1432;
;0.11874;
;0.10514;
;0.09071;
;0.07914;
;0.07617;
;0.0799;
;0.0942;
;0.1105;
;0.14548;
;0.20941;
;0.17636;
;0.12168;
;0.11369;
;0.11149;
;0.10422;
;0.10995;
;0.1045;
;0.1027;
;0.1025;
;0.09923;
;0.1003;
;0.10526;
;0.11829;
;0.126;
;0.12196;
;0.097;
;0.07819;
;0.06611;
;0.06223;
;0.0627;
;0.07578;
;0.09563;
;0.12498;
;0.15165;
;0.11894;
;0.101;
;0.1064;
;0.1101;
;0.08538;
;0.09156;
;0;
;0;
;0;
;0.08112;
;0.07708;
;0.0817;
;0.0913;
;0.08825;
;0.08468;
;0.06672;
;0.05472;
;0.0425;
;0.03999;
;0.04;
;0.06338;
;0.10188;
;0.1178;
;0.14725;
;0.15071;
;0.13048;
;0.1181;
;0.11139;
;0.10996;
;0.10299;
;0.09367;
;0.08938;
;0.08414;
;0.0794;
;0.07989;
;0.09412;
;0.0943;
;0.1111;
;0.11128;
;0.10292;
;0.09442;
;0.09451;
;0.09109;
;0.09675;
;0.10827;
;0.11718;
;0.11665;
;0.14;
;0.14999;
;0.14444;
;0.1201;
;0.1099;
;0.10858;
;0.10102;
;0.09769;
;0.0957;
;0.09408;
;0.09292;
;0.09462;
;0.10705;
;0.12032;
;0.14629;
;0.1447;
;0.12707;
;0.1187;
;0.11081;
;0.10409;
;0.11346;
;0.12924;
;0.1583;
;0.19207;
;0.26107;
;0.247;
;0.19685;
;0.13639;
;0.1199;
;0.11374;
;0.09872;
;0.097;
;0.0953;
;0.09306;
;0.09132;
;0.09276;
;0.09987;
;0.117;
;0.12933;
;0.13205;
;0.1199;
;0.10893;
;0.10423;
;0.09834;
;0.10215;
;0.10578;
;0.11881;
;0.14979;
;0.181;
;0.18551;
;0.15702;
;0.12976;
;0.11576;
;0.11116;
;0.10892;
;0.10168;
;0.09571;
;0.09375;
;0.09187;
;0.09445;
;0.09922;
;0.11668;
;0.13209;
;0.13176;
;0.12076;
;0.10348;
;0.09633;
;0.08891;
;0.09155;
;0.09748;
;0.10928;
;0.12189;
;0.12929;
;0.1387;
;0.1311;
;0.11;
;0.107;
;0.1074;
;0.10172;
;0.127;
;0.116;
;0.09993;
;0.08753;
;0.07594;
;0.08203;
;0.0894;
;0.103;
;0.1091;
;0.115;
;0.104;
;0.1;
;0.091;
;0.1;
;0.11;
;0.11918;
;0.12875;
;0.1314;
;0.13549;
;0.1189;
;0.11368;
;0.105;
;0.10241;
;0.1099;
;0.09585;
;0.09136;
;0.08877;
;0.086;
;0.08685;
;0.09076;
;0.0965;
;0.10011;
;0.10116;
;0.1082;
;0.09078;
;0.09074;
;0.08701;
;0.08897;
;0.10097;
;0.11688;
;0.1312;
;0.15318;
;0.14432;
;0.13279;
;0.11958;
;0.11097;
;0.10628;
;0.10061;
;0.10119;
;0.09629;
;0.08858;
;0.08508;
;0.086;
;0.08691;
;0.0949;
;0.09686;
;0.08725;
;0.09302;
;0.06843;
;0.05929;
;0.05263;
;0.05854;
;0.08092;
;0.09352;
;0.111;
;0.12428;
;0.12515;
;0.1199;
;0.11084;
;0.10213;
;0.10068;
;0.09471;
;0.09204;
;0.08996;
;0.09007;
;0.08918;
;0.09019;
;0.09748;
;0.12224;
;0.14;
;0.13713;
;0.12013;
;0.09956;
;0.0842;
;0.0831;
;0.0842;
;0.09492;
;0.12563;
;0.174;
;0.26976;
;0.23151;
;0.16123;
;0.123;
;0.1101;
;0.105;
;0.09272;
;0.08363;
;0.094;
;0.09068;
;0.0913;
;0.094;
;0.09609;
;0.106;
;0.13599;
;0.13621;
;0.11823;
;0.10587;
;0.09528;
;0.09492;
;0.09925;
;0.10798;
;0.14986;
;0.30324;
;0.47299;
;0.43102;
;0.32033;
;0.1697;
;0.1299;
;0.11777;
;0.11003;
;0.1005;
;0.09905;
;0.0954;
;0.09583;
;0.09883;
;0.09291;
;0.121;
;0.21578;
;0.194;
;0.14197;
;0.13092;
;0.12212;
;0.12147;
;0.12411;
;0.13688;
;0.1907;
;0.31569;
;0.55;
;0.54585;
;0.3335;
;0.17562;
;0.12897;
;0.113;
;0.1087;
;0.10814;
;0.10111;
;0.09844;
;0.09724;
;0.09846;
;0.0936;
;0.0995;
;0.17094;
;0.16171;
;0.14765;
;0.14132;
;0.12793;
;0.12208;
;0.12722;
;0.128;
;0.17889;
;0.24292;
;0.37114;
;0.27774;
;0.17119;
;0.13007;
;0.11392;
;0.11167;
;0.09987;
;0.09894;
;0.09908;
;0.09662;
;0.0956;
;0.09613;
;0.09763;
;0.1034;
;0.12598;
;0.13269;
;0.12619;
;0.11734;
;0.11094;
;0.10559;
;0.10681;
;0.11218;
;0.12359;
;0.12911;
;0.12908;
;0.13309;
;0.12739;
;0.11589;
;0.10961;
;0.113;
;0.10406;
;0.1051;
;0.09996;
;0.098;
;0.09668;
;0.09841;
;0.1006;
;0.10431;
;0.10987;
;0.1141;
;0.1146;
;0.10997;
;0.1064;
;0.10688;
;0.108;
;0.11018;
;0.11992;
;0.1333;
;0.1448;
;0.14596;
;0.13927;
;0.12832;
;0.11796;
;0.11453;
;0.1101;
;0.10499;
;0.10228;
;0.10129;
;0.09944;
;0.09919;
;0.09989;
;0.09955;
;0.10245;
;0.10428;
;0.11091;
;0.11217;
;0.11013;
;0.11092;
;0.10823;
;0.11093;
;0.12139;
;0.13077;
;0.14552;
;0.1442;
;0.13757;
;0.12531;
;0.11528;
;0.1111;
;0.10802;
;0.10955;
;0.10338;
;0.09991;
;0.096;
;0.09501;
;0.082;
;0.0917;
;0.11891;
;0.13055;
;0.1199;
;0.10828;
;0.06425;
;0.08797;
;0.101;
;0.109;
;0.1026;
;0.1162;
;0.14577;
;0.1441;
;0.13169;
;0.12;
;0.1102;
;0.10786;
;0.10433;
;0.1012;
;0.102;
;0.0952;
;0.09375;
;0.09316;
;0.10311;
;0.0892;
;0.1115;
;0.18;
;0.1332;
;0.15899;
;0.12552;
;0.12491;
;0.14731;
;0.16072;
;0.2;
;0.24574;
;0.29233;
;0.216;
;0.16834;
;0.14667;
;0.13051;
;0.12444;
;0.11533;
;0.1147;
;0.10995;
;0.10656;
;0.10566;
;0.10787;
;0.1143;
;0.13031;
;0.16077;
;0.21271;
;0.21391;
;0.18978;
;0.16979;
;0.1557;
;0.1537;
;0.15342;
;0.16207;
;0.16959;
;0.17752;
;0.175;
;0.16282;
;0.1285;
;0.11627;
;0.11423;
;0.10681;
;0.1017;
;0.1;
;0.09614;
;0.09237;
;0.09163;
;0.09293;
;0.10527;
;0.11407;
;0.1291;
;0.12576;
;0.1268;
;0.12634;
;0.12382;
;0.12809;
;0.13419;
;0.14315;
;0.14776;
;0.15716;
;0.15524;
;0.14912;
;0.13896;
;0.12953;
;0.12289;
;0.11256;
;0.11066;
;0.1068;
;0.10707;
;0.1037;
;0.1045;
;0.10878;
;0.1298;
;0.14523;
;0.15852;
;0.14997;
;0.13758;
;0.13351;
;0.12164;
;0.1215;
;0.1301;
;0.13814;
;0.13319;
;0.13703;
;0.13554;
;0.128;
;0.11573;
;0.11074;
;0.10819;
;0.09355;
;0.10265;
;0.09909;
;0.09791;
;0.09607;
;0.08978;
;0.08695;
;0.0786;
;0.0901;
;0.10475;
;0.1184;
;0.1149;
;0.11141;
;0.10898;
;0.10176;
;0.1;
;0.10258;
;0.11205;
;0.12653;
;0.1225;
;0.111;
;0.1193;
;0.1193;
;0.11762;
;0.09596;
;0.09605;
;0.09092;
;0.07433;
;0.06118;
;0.04553;
;0.0393;
;0.0466;
;0.06404;
;0.0857;
;0.0928;
;0.04503;
;0.0138;
;0.02447;
;0.01493;
;0.0598;
;0.08219;
;0.1138;
;0.1306;
;0.1249;
;0.1;
;0.12497;
;0.115;
;0.1199;
;0.11;
;0.0952;
;0.0825;
;0.09118;
;0.0935;
;0.08233;
;0.09113;
;0.09804;
;0.12296;
;0.12311;
;0.12055;
;0.12;
;0.11;
;0.09547;
;0.0968;
;0.1151;
;0.12306;
;0.144;
;0.1597;
;0.16356;
;0.15442;
;0.12976;
;0.11781;
;0.11699;
;0.1084;
;0.10706;
;0.1014;
;0.09558;
;0.08679;
;0.08068;
;0.08679;
;0.10997;
;0.1254;
;0.14487;
;0.14899;
;0.14674;
;0.15281;
;0.1438;
;0.14413;
;0.13302;
;0.12876;
;0.13289;
;0.1399;
;0.13493;
;0.1263;
;0.11715;
;0.10937;
;0.10544;
;0.0899;
;0.1006;
;0.09159;
;0.0866;
;0.08153;
;0.08101;
;0.09187;
;0.10632;
;0.13334;
;0.14287;
;0.13997;
;0.1189;
;0.10777;
;0.09726;
;0.09736;
;0.1064;
;0.12642;
;0.13418;
;0.14213;
;0.1427;
;0.14062;
;0.13598;
;0.1201;
;0.11582;
;0.1035;
;0.09396;
;0.0904;
;0.0868;
;0.08415;
;0.08423;
;0.09288;
;0.10829;
;0.12227;
;0.13335;
;0.13501;
;0.12738;
;0.1155;
;0.11362;
;0.12096;
;0.13721;
;0.14907;
;0.16713;
;0.17531;
;0.15821;
;0.15116;
;0.13004;
;0.12214;
;0.12122;
;0.10682;
;0.1145;
;0.10402;
;0.09624;
;0.09001;
;0.0872;
;0.0916;
;0.1153;
;0.13506;
;0.14421;
;0.14105;
;0.13294;
;0.11688;
;0.106;
;0.0945;
;0.09487;
;0.10887;
;0.11403;
;0.13;
;0.13501;
;0.13297;
;0.1291;
;0.10723;
;0.1204;
;0.12948;
;0.12161;
;0.11388;
;0.10336;
;0.0924;
;0.08;
;0.0871;
;0.08466;
;0.0904;
;0.09795;
;0.08562;
;0.09;
;0.08598;
;0.08862;
;0.078;
;0.08568;
;0.10062;
;0.08546;
;0.09556;
;0.089;
;0.07517;
;0.06375;
;0.05131;
;0.04214;
;0.01929;
;0.00466;
;0.00172;
;0;
;-0.00107;
;-0.0019;
;-0.00209;
;-0.00267;
;-0.00003;
;0.00137;
;0.00375;
;0.00207;
;0.00125;
;0.00222;
;0.00135;
;0.00478;
;0.00892;
;0.0415;
;0.078;
;0.06;
;0.0599;
;0.039;
;0.01472;
;0.00841;
;0.004;
;0.00043;
;0.00001;
;-0.00055;
;-0.00109;
;-0.00034;
;-0.00005;
;0.00193;
;0.057;
;0.097;
;0.11859;
;0.1282;
;0.123;
;0.112;
;0.1122;
;0.114;
;0.11568;
;0.125;
;0.149;
;0.13821;
;0.11899;
;0.09635;
;0.0834;
;0.08808;
;0.07071;
;0.0901;
;0.07906;
;0.07862;
;0.07123;
;0.07298;
;0.08238;
;0.10145;
;0.11;
;0.13615;
;0.12699;
;0.11209;
;0.1;
;0.09195;
;0.10164;
;0.11571;
;0.12425;
;0.14402;
;0.15518;
;0.16064;
;0.15294;
;0.12703;
;0.11863;
;0.1225;
;0.1136;
;0.11106;
;0.11;
;0.11;
;0.10321;
;0.10087;
;0.11211;
;0.1288;
;0.1289;
;0.166;
;0.131;
;0.13907;
;0.13439;
;0.12581;
;0.1244;
;0.11987;
;0.124;
;0.11639;
;0.11374;
;0.1099;
;0.101;
;0.07898;
;0.07997;
;0.0857;
;0.0599;
;0.0501;
;0.04121;
;0.03513;
;0.038;
;0.0599;
;0.09204;
;0.1001;
;0.1321;
;0.14829;
;0.14036;
;0.09901;
;0.0987;
;0.09616;
;0.09899;
;0.1144;
;0.1188;
;0.13393;
;0.151;
;0.15824;
;0.15404;
;0.14339;
;0.13126;
;0.12216;
;0.1126;
;0.1103;
;0.10701;
;0.10347;
;0.10152;
;0.10283;
;0.11227;
;0.13066;
;0.16073;
;0.17356;
;0.15737;
;0.13835;
;0.12006;
;0.11005;
;0.11426;
;0.1093;
;0.1242;
;0.14622;
;0.14935;
;0.14203;
;0.13187;
;0.1199;
;0.1121;
;0.11393;
;0.10328;
;0.0995;
;0.09269;
;0.08962;
;0.08662;
;0.08804;
;0.09008;
;0.08812;
;0.10242;
;0.1178;
;0.125;
;0.10886;
;0.08545;
;0.08718;
;0.09;
;0.1068;
;0.12221;
;0.13153;
;0.13768;
;0.1364;
;0.13196;
;0.12451;
;0.11508;
;0.11478;
;0.10667;
;0.09966;
;0.09001;
;0.08814;
;0.0857;
;0.08427;
;0.08377;
;0.08323;
;0.0895;
;0.09919;
;0.0946;
;0.0893;
;0.08238;
;0.08525;
;0.08308;
;0.08817;
;0.10525;
;0.11745;
;0.1178;
;0.12327;
;0.11231;
;0.09366;
;0.08601;
;0.09739;
;0.085;
;0.07477;
;0.06621;
;0.06157;
;0.0465;
;0.04915;
;0.06842;
;0.09251;
;0.12525;
;0.1262;
;0.12394;
;0.12144;
;0.11597;
;0.11518;
;0.1264;
;0.13405;
;0.14193;
;0.14475;
;0.14707;
;0.14828;
;0.13877;
;0.12113;
;0.11341;
;0.11254;
;0.10264;
;0.11093;
;0.0909;
;0.088;
;0.0868;
;0.09496;
;0.10256;
;0.11994;
;0.142;
;0.15564;
;0.15109;
;0.14229;
;0.13114;
;0.12713;
;0.14162;
;0.148;
;0.16598;
;0.2001;
;0.20914;
;0.19788;
;0.18983;
;0.16844;
;0.15313;
;0.14208;
;0.13081;
;0.121;
;0.11666;
;0.11279;
;0.11;
;0.11164;
;0.1196;
;0.14315;
;0.20214;
;0.26651;
;0.24405;
;0.20319;
;0.19203;
;0.18705;
;0.19135;
;0.20616;
;0.22783;
;0.25;
;0.27969;
;0.22524;
;0.194;
;0.1588;
;0.133;
;0.12;
;0.111;
;0.11477;
;0.10574;
;0.1001;
;0.08714;
;0.07694;
;0.0777;
;0.0913;
;0.1001;
;0.128;
;0.13178;
;0.12492;
;0.10731;
;0.1035;
;0.10432;
;0.10736;
;0.11626;
;0.12464;
;0.1379;
;0.13;
;0.11521;
;0.10191;
;0.08393;
;0.07996;
;0.04512;
;0.01209;
;0.00597;
;0.00416;
;0.00222;
;0.00279;
;0.01054;
;0.0627;
;0.09477;
;0.11175;
;0.125;
;0.10543;
;0.0999;
;0.0919;
;0.10117;
;0.109;
;0.11703;
;0.13058;
;0.14227;
;0.15055;
;0.1417;
;0.12825;
;0.11799;
;0.118;
;0.10049;
;0.08579;
;0.07492;
;0.0675;
;0.06148;
;0.0491;
;0.03741;
;0.0365;
;0.04148;
;0.05417;
;0.0591;
;0.0588;
;0.05796;
;0.06314;
;0.06665;
;0.06574;
;0.07234;
;0.085;
;0.0872;
;0.08261;
;0.08035;
;0.0789;
;0.07903;
;0.0765;
;0.06873;
;0.08216;
;0.07585;
;0.07581;
;0.07121;
;0.07128;
;0.07696;
;0.07874;
;0.07929;
;0.08867;
;0.09873;
;0.10081;
;0.1064;
;0.10874;
;0.10616;
;0.09937;
;0.10966;
;0.0958;
;0.10548;
;0.09535;
;0.09412;
;0.08875;
;0.088;
;0.08575;
;0.07351;
;0.06899;
;0.05319;
;0.03466;
;0.0315;
;0.03533;
;0.06624;
;0.07767;
;0.11212;
;0.12196;
;0.12228;
;0.12336;
;0.12031;
;0.12246;
;0.1162;
;0.11667;
;0.11401;
;0.11569;
;0.1216;
;0.11691;
;0.12539;
;0.11316;
;0.10195;
;0.09848;
;0.09239;
;0.07727;
;0.085;
;0.08493;
;0.0837;
;0.08721;
;0.08769;
;0.1;
;0.11279;
;0.13423;
;0.15773;
;0.15313;
;0.163;
;0.13522;
;0.16915;
;0.16948;
;0.1766;
;0.17997;
;0.1599;
;0.181;
;0.17665;
;0.15198;
;0.12;
;0.1072;
;0.12137;
;0.1;
;0.10185;
;0.09654;
;0.0971;
;0.09651;
;0.0971;
;0.1001;
;0.12;
;0.24767;
;0.3001;
;0.32215;
;0.31932;
;0.31187;
;0.31945;
;0.34213;
;0.35539;
;0.41194;
;0.42313;
;0.34931;
;0.29832;
;0.19313;
;0.15468;
;0.15;
;0.13596;
;0.12224;
;0.1153;
;0.10996;
;0.10735;
;0.11251;
;0.12337;
;0.16398;
;0.23297;
;0.5199;
;0.58148;
;0.5;
;0.43369;
;0.38112;
;0.4001;
;0.46619;
;0.63786;
;0.76767;
;0.87296;
;0.62827;
;0.5175;
;0.28537;
;0.1694;
;0.15;
;0.13475;
;0.13007;
;0.1229;
;0.11897;
;0.11495;
;0.11564;
;0.1199;
;0.1501;
;0.18748;
;0.253;
;0.24574;
;0.20842;
;0.17427;
;0.16597;
;0.165;
;0.1845;
;0.21984;
;0.24929;
;0.28421;
;0.26;
;0.2256;
;0.175;
;0.14622;
;0.13509;
;0.11652;
;0.11694;
;0.11136;
;0.10804;
;0.09902;
;0.09344;
;0.09155;
;0.09272;
;0.10211;
;0.11396;
;0.1251;
;0.12112;
;0.10821;
;0.1032;
;0.10296;
;0.09663;
;0.1001;
;0.10567;
;0.12;
;0.11337;
;0.0901;
;0.0932;
;0.08962;
;0.08188;
;0.0802;
;0.095;
;0.0873;
;0.07816;
;0.071;
;0.05588;
;0.05369;
;0.04681;
;0.05533;
;0.06621;
;0.07065;
;0.0701;
;0.06498;
;0.07031;
;0.0801;
;0.08022;
;0.083;
;0.0801;
;0.09017;
;0.08;
;0.073;
;0.07792;
;0.04052;
;0.01086;
;0.00229;
;0.00009;
;0.0001;
;0.00005;
;0;
;0.00046;
;0.00138;
;0.00773;
;0.05;
;0.1079;
;0.109;
;0.1001;
;0.09758;
;0.09309;
;0.0817;
;0.0801;
;0.09595;
;0.10111;
;0.11514;
;0.0899;
;0.075;
;0.07799;
;0.0701;
;0.057;
;0.01761;
;0.04055;
;0.02275;
;0.01975;
;0.02572;
;0.0669;
;0.0669;
;0.10495;
;0.10568;
;0.11618;
;0.11134;
;0.108;
;0.1024;
;0.10273;
;0.10621;
;0.10959;
;0.11607;
;0.11699;
;0.12733;
;0.12207;
;0.1081;
;0.09921;
;0.09584;
;0.09231;
;0.0712;
;0.06871;
;0.05212;
;0.0457;
;0.04;
;0.02622;
;0.03267;
;0.04594;
;0.05734;
;0.07758;
;0.07669;
;0.06862;
;0.06712;
;0.07048;
;0.07;
;0.07;
;0.07308;
;0.07869;
;0.09446;
;0.0899;
;0.0852;
;0.07731;
;0.0649;
;0.0451;
;0.02358;
;0.01366;
;0.01441;
;0.00569;
;0.0016;
;0.00026;
;0.00006;
;0.00701;
;0.05578;
;0.09215;
;0.1311;
;0.1109;
;0.096;
;0.0801;
;0.077;
;0.08003;
;0.09;
;0.1109;
;0.1478;
;0.12999;
;0.09154;
;0.08529;
;0.07907;
;0.07905;
;0.0649;
;0.04865;
;0.0324;
;0.01752;
;0.01814;
;0.0236;
;0.04898;
;0.07492;
;0.118;
;0.169;
;0.15003;
;0.12292;
;0.09787;
;0.08797;
;0.08428;
;0.08876;
;0.09938;
;0.10558;
;0.11014;
;0.10172;
;0.09933;
;0.09034;
;0.07244;
;0.07042;
;0.05833;
;0.02881;
;0.02451;
;0.02426;
;0.01941;
;0.01811;
;0.02616;
;0.04173;
;0.0406;
;0.05165;
;0.06192;
;0.056;
;0.04052;
;0.03464;
;0.03144;
;0.02845;
;0.03109;
;0.03256;
;0.0499;
;0.0601;
;0.055;
;0.02804;
;0.00941;
;0.00736;
;0.00398;
;0.0027;
;0.00161;
;0;
;-0.00074;
;-0.002;
;-0.00124;
;-0.00066;
;0.00229;
;0.00645;
;0.02241;
;0.02066;
;0.02354;
;0.02262;
;0.02255;
;0.02807;
;0.04177;
;0.0599;
;0.0923;
;0.0862;
;0.07123;
;0.0549;
;0.03991;
;0.03791;
;0.02632;
;0.01937;
;0.01326;
;0.01113;
;0.00773;
;0.0064;
;0.0063;
;0.01745;
;0.05337;
;0.06694;
;0.06736;
;0.056;
;0.0549;
;0.05697;
;0.0577;
;0.06455;
;0.07634;
;0.11727;
;0.13032;
;0.1299;
;0.13596;
;0.1458;
;0.1102;
;0.10582;
;0.11891;
;0.08603;
;0.08284;
;0.08189;
;0.078;
;0.07878;
;0.0806;
;0.08507;
;0.10083;
;0.11509;
;0.12095;
;0.12;
;0.11816;
;0.11749;
;0.11538;
;0.11798;
;0.1195;
;0.12021;
;0.118;
;0.11098;
;0.10566;
;0.10256;
;0.09463;
;0.09904;
;0.09;
;0.09137;
;0.08644;
;0.08507;
;0.08081;
;0.07599;
;0.08081;
;0.08301;
;0.08494;
;0.09021;
;0.09924;
;0.09356;
;0.09255;
;0.09441;
;0.09103;
;0.09917;
;0.11;
;0.11671;
;0.12052;
;0.1191;
;0.118;
;0.11832;
;0.11301;
;0.11407;
;0.10463;
;0.10217;
;0.09506;
;0.09461;
;0.08964;
;0.09087;
;0.0951;
;0.099;
;0.11262;
;0.11918;
;0.11823;
;0.11325;
;0.10601;
;0.10771;
;0.1039;
;0.10964;
;0.12075;
;0.12866;
;0.1379;
;0.13805;
;0.13571;
;0.12913;
;0.12085;
;0.1235;
;0.11698;
;0.10679;
;0.10152;
;0.10103;
;0.09974;
;0.09958;
;0.1062;
;0.1157;
;0.12429;
;0.13185;
;0.13015;
;0.1201;
;0.10794;
;0.10781;
;0.10794;
;0.12012;
;0.13364;
;0.14421;
;0.15155;
;0.1584;
;0.14643;
;0.13314;
;0.12542;
;0.12676;
;0.114;
;0.1264;
;0.11663;
;0.11015;
;0.10592;
;0.10293;
;0.10558;
;0.10971;
;0.12424;
;0.128;
;0.1283;
;0.12283;
;0.1134;
;0.10897;
;0.11001;
;0.11724;
;0.1341;
;0.14002;
;0.15049;
;0.1478;
;0.14088;
;0.12959;
;0.1259;
;0.12125;
;0.115;
;0.12739;
;0.11409;
;0.10771;
;0.1017;
;0.09773;
;0.09861;
;0.09816;
;0.10356;
;0.11071;
;0.11817;
;0.1287;
;0.1212;
;0.12277;
;0.124;
;0.1287;
;0.12001;
;0.12288;
;0.14493;
;0.1381;
;0.1099;
;0.09508;
;0.09286;
;0.08613;
;0.07373;
;0.07553;
;0.0762;
;0.0652;
;0.04;
;0.0349;
;0.06703;
;0.07363;
;0.08156;
;0.1083;
;0.13358;
;0.135;
;0.1249;
;0.0851;
;0.08086;
;0.0844;
;0.1034;
;0.136;
;0.15;
;0.10993;
;0.08742;
;0.07584;
;0.06851;
;0.06795;
;0.03647;
;0.0763;
;0.0549;
;0.05643;
;0.0349;
;0.03088;
;0.03021;
;0.04;
;0.07029;
;0.099;
;0.14799;
;0.1499;
;0.137;
;0.1217;
;0.099;
;0.084;
;0.08432;
;0.0949;
;0.1217;
;0.099;
;0.07056;
;0.0599;
;0.0182;
;0.00906;
;0.00052;
