Time;production;accuracy(sec)
00:00;0;3600
01:00;0;
02:00;0;
03:00;0;
04:00;0;
05:00;0;
06:00;0;
07:00;0;
08:00;8.331;
09:00;36.101;
10:00;36.101;
11:00;58.317;
12:00;91.641;
13:00;27.77;
14:00;16.662;
15:00;2.777;
16:00;0;
17:00;0;
18:00;0;
19:00;0;
20:00;0;
21:00;0;
22:00;0;
23:00;0;
;0;
;0;
;0;
;0;
;0;
;0;
;0;
;0;
;16.662;
;61.094;
;41.655;
;30.547;
;24.993;
;22.216;
;5.554;
;0;
;0;
;0;
;0;
;0;
;0;
;0;
;0;
;0;
;0;
;0;
;0;
;0;
;0;
;0;
;0;
;0;
;11.108;
;24.993;
;49.986;
;63.871;
;47.209;
;47.209;
;13.885;
;2.777;
;0;
;0;
;0;
;0;
;0;
;0;
;0;
;0;
;0;
;0;
;0;
;0;
;0;
;0;
;0;
;0;
;24.993;
;38.878;
;36.101;
;63.871;
;88.864;
;80.533;
;16.662;
;5.554;
;0;
;0;
;0;
;0;
;0;
;0;
;0;
;0;
;0;
;0;
;0;
;0;
;0;
;0;
;0;
;0;
;2.777;
;30.547;
;24.993;
;24.993;
;24.993;
;13.885;
;5.554;
;0;
;0;
;0;
;0;
;0;
;0;
;0;
;0;
;0;
;0;
;0;
;0;
;0;
;0;
;0;
;0;
;0;
;8.331;
;13.885;
;27.77;
;24.993;
;22.216;
;16.662;
;11.108;
;5.554;
;0;
;0;
;0;
;0;
;0;
;0;
;0;
;0;
;0;
;0;
;0;
;0;
;0;
;0;
;0;
;0;
;8.331;
;30.547;
;99.972;
;194.39;
;211.052;
;113.857;
;77.756;
;5.554;
;0;
;0;
;0;
;0;
;0;
;0;
;0;
;0;
;0;
;0;
;0;
;0;
;0;
;0;
;0;
;0;
;13.885;
;41.655;
;74.979;
;149.958;
;238.822;
;186.059;
;80.533;
;8.331;
;0;
;0;
;0;
;0;
;0;
;0;
;0;
;0;
;0;
;0;
;0;
;0;
;0;
;0;
;0;
;2.777;
;58.317;
;158.289;
;233.268;
;266.592;
;252.707;
;197.167;
;105.526;
;19.439;
;0;
;0;
;0;
;0;
;0;
;0;
;0;
;0;
;0;
;0;
;0;
;0;
;0;
;0;
;0;
;2.777;
;55.54;
;152.735;
;224.937;
;255.484;
;241.599;
;186.059;
;99.972;
;13.885;
;0;
;0;
;0;
;0;
;0;
;0;
;0;
;0;
;0;
;0;
;0;
;0;
;0;
;0;
;0;
;2.777;
;97.195;
;236.045;
;94.418;
;58.317;
;63.871;
;61.094;
;24.993;
;5.554;
;0;
;0;
;0;
;0;
;0;
;0;
;0;
;0;
;0;
;0;
;0;
;0;
;0;
;0;
;0;
;2.777;
;22.216;
;52.763;
;52.763;
;58.317;
;69.425;
;74.979;
;38.878;
;8.331;
;0;
;0;
;0;
;0;
;0;
;0;
;0;
;0;
;0;
;0;
;0;
;0;
;0;
;0;
;0;
;0;
;5.554;
;16.662;
;24.993;
;33.324;
;47.209;
;63.871;
;36.101;
;11.108;
;0;
;0;
;0;
;0;
;0;
;0;
;0;
;0;
;0;
;0;
;0;
;0;
;0;
;0;
;0;
;0;
;13.885;
;30.547;
;30.547;
;33.324;
;44.432;
;36.101;
;16.662;
;2.777;
;0;
;0;
;0;
;0;
;0;
;0;
;0;
;0;
;0;
;0;
;0;
;0;
;0;
;0;
;0;
;0;
;19.439;
;99.972;
;166.62;
;163.843;
;194.39;
;130.519;
;97.195;
;13.885;
;0;
;0;
;0;
;0;
;0;
;0;
;0;
;0;
;0;
;0;
;0;
;0;
;0;
;0;
;0;
;0;
;19.439;
;52.763;
;172.174;
;333.24;
;324.909;
;238.822;
;91.641;
;24.993;
;0;
;0;
;0;
;0;
;0;
;0;
;0;
;0;
;0;
;0;
;0;
;0;
;0;
;0;
;0;
;0;
;33.324;
;69.425;
;88.864;
;97.195;
;94.418;
;63.871;
;41.655;
;11.108;
;0;
;0;
;0;
;0;
;0;
;0;
;0;
;0;
;0;
;0;
;0;
;0;
;0;
;0;
;0;
;2.777;
;133.296;
;236.045;
;333.24;
;341.571;
;230.491;
;224.937;
;127.742;
;27.77;
;0;
;0;
;0;
;0;
;0;
;0;
;0;
;0;
;0;
;0;
;0;
;0;
;0;
;0;
;0;
;2.777;
;30.547;
;88.864;
;166.62;
;283.254;
;258.261;
;213.829;
;130.519;
;33.324;
;0;
;0;
;0;
;0;
;0;
;0;
;0;
;0;
;0;
;0;
;0;
;0;
;0;
;0;
;0;
;5.554;
;72.202;
;69.425;
;116.634;
;163.843;
;258.261;
;205.498;
;136.073;
;24.993;
;0;
;0;
;0;
;0;
;0;
;0;
;0;
;0;
;0;
;0;
;0;
;0;
;0;
;0;
;0;
;2.777;
;27.77;
;52.763;
;63.871;
;63.871;
;55.54;
;61.094;
;30.547;
;16.662;
;0;
;0;
;0;
;0;
;0;
;0;
;0;
;0;
;0;
;0;
;0;
;0;
;0;
;0;
;0;
;0;
;24.993;
;33.324;
;77.756;
;186.059;
;202.721;
;186.059;
;83.31;
;30.547;
;0;
;0;
;0;
;0;
;0;
;0;
;0;
;0;
;0;
;0;
;0;
;0;
;0;
;0;
;0;
;5.554;
;63.871;
;161.066;
;233.268;
;224.937;
;191.613;
;94.418;
;16.662;
;8.331;
;0;
;0;
;0;
;0;
;0;
;0;
;0;
;0;
;0;
;0;
;0;
;0;
;0;
;0;
;0;
;2.777;
;55.54;
;141.627;
;224.937;
;174.951;
;147.181;
;99.972;
;66.648;
;24.993;
;0;
;0;
;0;
;0;
;0;
;0;
;0;
;0;
;0;
;0;
;0;
;0;
;0;
;0;
;0;
;8.331;
;61.094;
;122.188;
;147.181;
;191.613;
;174.951;
;113.857;
;38.878;
;11.108;
;0;
;0;
;0;
;0;
;0;
;0;
;0;
;0;
;0;
;0;
;0;
;0;
;0;
;0;
;0;
;0;
;5.554;
;30.547;
;133.296;
;172.174;
;105.526;
;72.202;
;55.54;
;24.993;
;0;
;0;
;0;
;0;
;0;
;0;
;0;
;0;
;0;
;0;
;0;
;0;
;0;
;0;
;0;
;8.331;
;124.965;
;188.836;
;266.592;
;311.024;
;283.254;
;224.937;
;141.627;
;38.878;
;0;
;0;
;0;
;0;
;0;
;0;
;0;
;0;
;0;
;0;
;0;
;0;
;0;
;0;
;0;
;11.108;
;108.303;
;205.498;
;283.254;
;324.909;
;316.578;
;261.038;
;169.397;
;44.432;
;0;
;0;
;0;
;0;
;0;
;0;
;0;
;0;
;0;
;0;
;0;
;0;
;0;
;0;
;0;
;13.885;
;97.195;
;141.627;
;219.383;
;297.139;
;230.491;
;222.16;
;124.965;
;30.547;
;0;
;0;
;0;
;0;
;0;
;0;
;0;
;0;
;0;
;0;
;0;
;0;
;0;
;0;
;0;
;2.777;
;30.547;
;63.871;
;63.871;
;119.411;
;80.533;
;63.871;
;63.871;
;22.216;
;0;
;0;
;0;
;0;
;0;
;0;
;0;
;0;
;0;
;0;
;0;
;0;
;0;
;0;
;0;
;2.777;
;19.439;
;52.763;
;77.756;
;99.972;
;66.648;
;38.878;
;55.54;
;27.77;
;2.777;
;0;
;0;
;0;
;0;
;0;
;0;
;0;
;0;
;0;
;0;
;0;
;0;
;0;
;0;
;13.885;
;102.749;
;188.836;
;274.923;
;261.038;
;222.16;
;274.923;
;138.85;
;41.655;
;2.777;
;0;
;0;
;0;
;0;
;0;
;0;
;0;
;0;
;0;
;0;
;0;
;0;
;0;
;0;
;11.108;
;41.655;
;63.871;
;77.756;
;77.756;
;38.878;
;30.547;
;27.77;
;11.108;
;0;
;0;
;0;
;0;
;0;
;0;
;0;
;0;
;0;
;0;
;0;
;0;
;0;
;0;
;0;
;2.777;
;16.662;
;52.763;
;77.756;
;66.648;
;55.54;
;47.209;
;22.216;
;22.216;
;0;
;0;
;0;
;0;
;0;
;0;
;0;
;0;
;0;
;0;
;0;
;0;
;0;
;0;
;0;
;2.777;
;22.216;
;30.547;
;61.094;
;77.756;
;49.986;
;38.878;
;19.439;
;11.108;
;0;
;0;
;0;
;0;
;0;
;0;
;0;
;0;
;0;
;0;
;0;
;0;
;0;
;0;
;0;
;5.554;
;24.993;
;52.763;
;77.756;
;138.85;
;147.181;
;88.864;
;49.986;
;24.993;
;2.777;
;0;
;0;
;0;
;0;
;0;
;0;
;0;
;0;
;0;
;0;
;0;
;0;
;0;
;0;
;2.777;
;13.885;
;41.655;
;97.195;
;74.979;
;63.871;
;47.209;
;27.77;
;8.331;
;0;
;0;
;0;
;0;
;0;
;0;
;0;
;0;
;0;
;0;
;0;
;0;
;0;
;0;
;0;
;8.331;
;27.77;
;69.425;
;105.526;
;255.484;
;252.707;
;263.815;
;97.195;
;38.878;
;2.777;
;0;
;0;
;0;
;0;
;0;
;0;
;0;
;0;
;0;
;0;
;0;
;0;
;0;
;0;
;11.108;
;58.317;
;63.871;
;61.094;
;66.648;
;63.871;
;49.986;
;33.324;
;11.108;
;0;
;0;
;0;
;0;
;0;
;0;
;0;
;0;
;0;
;0;
;0;
;0;
;0;
;0;
;0;
;8.331;
;24.993;
;72.202;
;105.526;
;138.85;
;169.397;
;63.871;
;69.425;
;30.547;
;2.777;
;0;
;0;
;0;
;0;
;0;
;0;
;0;
;0;
;0;
;0;
;0;
;0;
;0;
;0;
;19.439;
;61.094;
;116.634;
;180.505;
;180.505;
;199.944;
;166.62;
;97.195;
;36.101;
;5.554;
;0;
;0;
;0;
;0;
;0;
;0;
;0;
;0;
;0;
;0;
;0;
;0;
;0;
;0;
;2.777;
;27.77;
;99.972;
;122.188;
;97.195;
;69.425;
;66.648;
;108.303;
;16.662;
;2.777;
;0;
;0;
;0;
;0;
;0;
;0;
;0;
;0;
;0;
;0;
;0;
;0;
;0;
;0;
;11.108;
;66.648;
;77.756;
;141.627;
;202.721;
;202.721;
;133.296;
;152.735;
;72.202;
;19.439;
;0;
;0;
;0;
;0;
;0;
;0;
;0;
;0;
;0;
;0;
;0;
;0;
;0;
;0;
;44.432;
;130.519;
;263.815;
;324.909;
;316.578;
;283.254;
;177.728;
;91.641;
;52.763;
;5.554;
;0;
;0;
;0;
;0;
;0;
;0;
;0;
;0;
;0;
;0;
;0;
;0;
;0;
;0;
;5.554;
;24.993;
;44.432;
;47.209;
;66.648;
;63.871;
;41.655;
;27.77;
;13.885;
;2.777;
;0;
;0;
;0;
;0;
;0;
;0;
;0;
;0;
;0;
;0;
;0;
;0;
;0;
;0;
;5.554;
;8.331;
;33.324;
;49.986;
;97.195;
;177.728;
;152.735;
;136.073;
;55.54;
;16.662;
;0;
;0;
;0;
;0;
;0;
;0;
;0;
;0;
;0;
;0;
;0;
;0;
;0;
;0;
;19.439;
;49.986;
;97.195;
;61.094;
;19.439;
;52.763;
;72.202;
;69.425;
;47.209;
;8.331;
;0;
;0;
;0;
;0;
;0;
;0;
;0;
;0;
;0;
;0;
;0;
;0;
;0;
;0;
;24.993;
;58.317;
;127.742;
;194.39;
;169.397;
;149.958;
;77.756;
;80.533;
;86.087;
;16.662;
;0;
;0;
;0;
;0;
;0;
;0;
;0;
;0;
;0;
;0;
;0;
;0;
;0;
;0;
;11.108;
;19.439;
;44.432;
;74.979;
;91.641;
;33.324;
;52.763;
;36.101;
;22.216;
;5.554;
;0;
;0;
;0;
;0;
;0;
;0;
;0;
;0;
;0;
;0;
;0;
;0;
;0;
;0;
;33.324;
;99.972;
;108.303;
;138.85;
;97.195;
;86.087;
;74.979;
;24.993;
;24.993;
;8.331;
;0;
;0;
;0;
;0;
;0;
;0;
;0;
;0;
;0;
;0;
;0;
;0;
;0;
;0;
;47.209;
;91.641;
;158.289;
;222.16;
;233.268;
;236.045;
;188.836;
;194.39;
;63.871;
;11.108;
;0;
;0;
;0;
;0;
;0;
;0;
;0;
;0;
;0;
;0;
;0;
;0;
;0;
;2.777;
;24.993;
;80.533;
;113.857;
;130.519;
;99.972;
;138.85;
;113.857;
;58.317;
;30.547;
;5.554;
;0;
;0;
;0;
;0;
;0;
;0;
;0;
;0;
;0;
;0;
;0;
;0;
;0;
;2.777;
;36.101;
;88.864;
;161.066;
;138.85;
;80.533;
;80.533;
;69.425;
;69.425;
;33.324;
;5.554;
;0;
;0;
;0;
;0;
;0;
;0;
;0;
;0;
;0;
;0;
;0;
;0;
;0;
;2.777;
;33.324;
;94.418;
;116.634;
;97.195;
;99.972;
;202.721;
;136.073;
;124.965;
;72.202;
;24.993;
;0;
;0;
;0;
;0;
;0;
;0;
;0;
;0;
;0;
;0;
;0;
;0;
;0;
;2.777;
;38.878;
;83.31;
;80.533;
;94.418;
;205.498;
;180.505;
;97.195;
;130.519;
;141.627;
;13.885;
;0;
;0;
;0;
;0;
;0;
;0;
;0;
;0;
;0;
;0;
;0;
;0;
;0;
;2.777;
;36.101;
;102.749;
;280.477;
;222.16;
;149.958;
;227.714;
;211.052;
;249.93;
;77.756;
;58.317;
;0;
;0;
;0;
;0;
;0;
;0;
;0;
;0;
;0;
;0;
;0;
;0;
;0;
;0;
;19.439;
;41.655;
;63.871;
;74.979;
;66.648;
;97.195;
;111.08;
;124.965;
;49.986;
;22.216;
;0;
;0;
;0;
;0;
;0;
;0;
;0;
;0;
;0;
;0;
;0;
;0;
;0;
;2.777;
;55.54;
;141.627;
;205.498;
;369.341;
;483.198;
;405.442;
;438.766;
;338.794;
;152.735;
;38.878;
;0;
;0;
;0;
;0;
;0;
;0;
;0;
;0;
;0;
;0;
;0;
;0;
;0;
;5.554;
;49.986;
;72.202;
;66.648;
;124.965;
;174.951;
;197.167;
;124.965;
;111.08;
;86.087;
;19.439;
;0;
;0;
;0;
;0;
;0;
;0;
;0;
;0;
;0;
;0;
;0;
;0;
;0;
;2.777;
;33.324;
;55.54;
;94.418;
;177.728;
;124.965;
;127.742;
;99.972;
;74.979;
;55.54;
;13.885;
;0;
;0;
;0;
;0;
;0;
;0;
;0;
;0;
;0;
;0;
;0;
;0;
;0;
;5.554;
;33.324;
;155.512;
;261.038;
;366.564;
;416.55;
;433.212;
;194.39;
;147.181;
;52.763;
;22.216;
;0;
;0;
;0;
;0;
;0;
;0;
;0;
;0;
;0;
;0;
;0;
;0;
;0;
;8.331;
;99.972;
;299.916;
;344.348;
;469.313;
;513.745;
;491.529;
;430.435;
;316.578;
;183.282;
;61.094;
;2.777;
;0;
;0;
;0;
;0;
;0;
;0;
;0;
;0;
;0;
;0;
;0;
;0;
;5.554;
;36.101;
;161.066;
;261.038;
;380.449;
;458.205;
;480.421;
;422.104;
;324.909;
;149.958;
;24.993;
;0;
;0;
;0;
;0;
;0;
;0;
;0;
;0;
;0;
;0;
;0;
;0;
;0;
;5.554;
;44.432;
;186.059;
;183.282;
;144.404;
;233.268;
;316.578;
;405.442;
;277.7;
;91.641;
;41.655;
;0;
;0;
;0;
;0;
;0;
;0;
;0;
;0;
;0;
;0;
;0;
;0;
;0;
;2.777;
;41.655;
;102.749;
;111.08;
;147.181;
;133.296;
;80.533;
;52.763;
;44.432;
;36.101;
;13.885;
;0;
;0;
;0;
;0;
;0;
;0;
;0;
;0;
;0;
;0;
;0;
;0;
;0;
;19.439;
;127.742;
;224.937;
;230.491;
;322.132;
;463.759;
;524.853;
;435.989;
;174.951;
;205.498;
;97.195;
;5.554;
;0;
;0;
;0;
;0;
;0;
;0;
;0;
;0;
;0;
;0;
;0;
;0;
;22.216;
;119.411;
;269.369;
;413.773;
;361.01;
;338.794;
;355.456;
;241.599;
;147.181;
;174.951;
;66.648;
;5.554;
;0;
;0;
;0;
;0;
;0;
;0;
;0;
;0;
;0;
;0;
;0;
;0;
;27.77;
;144.404;
;294.362;
;424.881;
;513.745;
;552.623;
;535.961;
;477.644;
;374.895;
;244.376;
;94.418;
;5.554;
;0;
;0;
;0;
;0;
;0;
;0;
;0;
;0;
;0;
;0;
;0;
;0;
;22.216;
;97.195;
;152.735;
;372.118;
;516.522;
;444.32;
;405.442;
;247.153;
;213.829;
;111.08;
;52.763;
;5.554;
;0;
;0;
;0;
;0;
;0;
;0;
;0;
;0;
;0;
;0;
;0;
;0;
;16.662;
;102.749;
;261.038;
;352.679;
;416.55;
;416.55;
;358.233;
;349.902;
;238.822;
;158.289;
;69.425;
;2.777;
;0;
;0;
;0;
;0;
;0;
;0;
;0;
;0;
;0;
;0;
;0;
;0;
;2.777;
;13.885;
;41.655;
;52.763;
;33.324;
;52.763;
;38.878;
;24.993;
;27.77;
;24.993;
;24.993;
;2.777;
;0;
;0;
;0;
;0;
;0;
;0;
;0;
;0;
;0;
;0;
;0;
;0;
;2.777;
;11.108;
;36.101;
;61.094;
;105.526;
;102.749;
;136.073;
;138.85;
;147.181;
;77.756;
;30.547;
;0;
;0;
;0;
;0;
;0;
;0;
;0;
;0;
;0;
;0;
;0;
;0;
;0;
;11.108;
;27.77;
;58.317;
;88.864;
;86.087;
;136.073;
;138.85;
;99.972;
;102.749;
;41.655;
;13.885;
;2.777;
;0;
;0;
;0;
;0;
;0;
;0;
;0;
;0;
;0;
;0;
;0;
;0;
;44.432;
;194.39;
;333.24;
;391.557;
;491.529;
;608.163;
;541.515;
;524.853;
;349.902;
;191.613;
;86.087;
;8.331;
;0;
;0;
;0;
;0;
;0;
;0;
;0;
;0;
;0;
;0;
;0;
;0;
;13.885;
;52.763;
;88.864;
;197.167;
;408.219;
;213.829;
;374.895;
;186.059;
;205.498;
;99.972;
;91.641;
;22.216;
;0;
;0;
;0;
;0;
;0;
;0;
;0;
;0;
;0;
;0;
;0;
;0;
;24.993;
;58.317;
;158.289;
;202.721;
;258.261;
;341.571;
;294.362;
;344.348;
;191.613;
;144.404;
;111.08;
;5.554;
;0;
;0;
;0;
;0;
;0;
;0;
;0;
;0;
;0;
;0;
;0;
;0;
;52.763;
;133.296;
;233.268;
;155.512;
;311.024;
;263.815;
;211.052;
;177.728;
;122.188;
;141.627;
;47.209;
;2.777;
;0;
;0;
;0;
;0;
;0;
;0;
;0;
;0;
;0;
;0;
;0;
;0;
;16.662;
;36.101;
;80.533;
;88.864;
;166.62;
;230.491;
;188.836;
;277.7;
;347.125;
;149.958;
;86.087;
;11.108;
;0;
;0;
;0;
;0;
;0;
;0;
;0;
;0;
;0;
;0;
;0;
;0;
;27.77;
;63.871;
;169.397;
;458.205;
;391.557;
;458.205;
;180.505;
;327.686;
;291.585;
;197.167;
;61.094;
;11.108;
;0;
;0;
;0;
;0;
;0;
;0;
;0;
;0;
;0;
;0;
;0;
;2.777;
;55.54;
;152.735;
;277.7;
;397.111;
;460.982;
;449.874;
;410.996;
;455.428;
;324.909;
;213.829;
;80.533;
;13.885;
;0;
;0;
;0;
;0;
;0;
;0;
;0;
;0;
;0;
;0;
;0;
;2.777;
;24.993;
;74.979;
;161.066;
;308.247;
;405.442;
;544.292;
;408.219;
;313.801;
;405.442;
;174.951;
;63.871;
;11.108;
;0;
;0;
;0;
;0;
;0;
;0;
;0;
;0;
;0;
;0;
;0;
;2.777;
;30.547;
;77.756;
;52.763;
;44.432;
;69.425;
;69.425;
;88.864;
;97.195;
;66.648;
;41.655;
;33.324;
;8.331;
;0;
;0;
;0;
;0;
;0;
;0;
;0;
;0;
;0;
;0;
;0;
;5.554;
;94.418;
;163.843;
;261.038;
;410.996;
;397.111;
;463.759;
;483.198;
;394.334;
;366.564;
;224.937;
;155.512;
;11.108;
;0;
;0;
;0;
;0;
;0;
;0;
;0;
;0;
;0;
;0;
;0;
;5.554;
;41.655;
;127.742;
;249.93;
;111.08;
;219.383;
;294.362;
;330.463;
;322.132;
;213.829;
;147.181;
;52.763;
;13.885;
;0;
;0;
;0;
;0;
;0;
;0;
;0;
;0;
;0;
;0;
;0;
;5.554;
;105.526;
;249.93;
;413.773;
;491.529;
;585.947;
;608.163;
;588.724;
;552.623;
;186.059;
;272.146;
;166.62;
;24.993;
;0;
;0;
;0;
;0;
;0;
;0;
;0;
;0;
;0;
;0;
;0;
;8.331;
;111.08;
;180.505;
;274.923;
;238.822;
;258.261;
;316.578;
;344.348;
;349.902;
;202.721;
;127.742;
;88.864;
;24.993;
;0;
;0;
;0;
;0;
;0;
;0;
;0;
;0;
;0;
;0;
;0;
;2.777;
;11.108;
;27.77;
;72.202;
;138.85;
;158.289;
;177.728;
;208.275;
;113.857;
;99.972;
;72.202;
;55.54;
;22.216;
;0;
;0;
;0;
;0;
;0;
;0;
;0;
;0;
;0;
;0;
;0;
;8.331;
;47.209;
;208.275;
;74.979;
;88.864;
;88.864;
;208.275;
;408.219;
;377.672;
;277.7;
;130.519;
;36.101;
;44.432;
;0;
;0;
;0;
;0;
;0;
;0;
;0;
;0;
;0;
;0;
;0;
;2.777;
;19.439;
;49.986;
;119.411;
;399.888;
;408.219;
;458.205;
;347.125;
;447.097;
;286.031;
;299.916;
;99.972;
;16.662;
;0;
;0;
;0;
;0;
;0;
;0;
;0;
;0;
;0;
;0;
;0;
;8.331;
;58.317;
;94.418;
;177.728;
;230.491;
;216.606;
;211.052;
;263.815;
;186.059;
;177.728;
;108.303;
;91.641;
;19.439;
;0;
;0;
;0;
;0;
;0;
;0;
;0;
;0;
;0;
;0;
;0;
;2.777;
;44.432;
;197.167;
;305.47;
;452.651;
;591.501;
;638.71;
;386.003;
;374.895;
;194.39;
;122.188;
;72.202;
;0;
;0;
;0;
;0;
;0;
;0;
;0;
;0;
;0;
;0;
;0;
;0;
;5.554;
;24.993;
;52.763;
;61.094;
;74.979;
;136.073;
;152.735;
;313.801;
;338.794;
;219.383;
;144.404;
;49.986;
;22.216;
;0;
;0;
;0;
;0;
;0;
;0;
;0;
;0;
;0;
;0;
;0;
;13.885;
;69.425;
;86.087;
;77.756;
;144.404;
;258.261;
;244.376;
;327.686;
;222.16;
;202.721;
;108.303;
;74.979;
;55.54;
;0;
;0;
;0;
;0;
;0;
;0;
;0;
;0;
;0;
;0;
;0;
;5.554;
;30.547;
;105.526;
;72.202;
;102.749;
;124.965;
;194.39;
;138.85;
;130.519;
;277.7;
;130.519;
;149.958;
;30.547;
;0;
;0;
;0;
;0;
;0;
;0;
;0;
;0;
;0;
;0;
;0;
;2.777;
;11.108;
;27.77;
;69.425;
;111.08;
;313.801;
;422.104;
;524.853;
;399.888;
;322.132;
;141.627;
;124.965;
;24.993;
;0;
;0;
;0;
;0;
;0;
;0;
;0;
;0;
;0;
;0;
;0;
;13.885;
;77.756;
;119.411;
;91.641;
;63.871;
;191.613;
;161.066;
;91.641;
;255.484;
;508.191;
;269.369;
;163.843;
;47.209;
;0;
;0;
;0;
;0;
;0;
;0;
;0;
;0;
;0;
;0;
;0;
;30.547;
;166.62;
;305.47;
;477.644;
;574.839;
;427.658;
;527.63;
;502.637;
;386.003;
;386.003;
;286.031;
;169.397;
;47.209;
;2.777;
;0;
;0;
;0;
;0;
;0;
;0;
;0;
;0;
;0;
;0;
;13.885;
;97.195;
;291.585;
;430.435;
;472.09;
;583.17;
;655.372;
;635.933;
;513.745;
;469.313;
;291.585;
;74.979;
;8.331;
;0;
;0;
;0;
;0;
;0;
;0;
;0;
;0;
;0;
;0;
;0;
;13.885;
;83.31;
;202.721;
;388.78;
;363.787;
;483.198;
;374.895;
;177.728;
;197.167;
;416.55;
;380.449;
;194.39;
;55.54;
;2.777;
;0;
;0;
;0;
;0;
;0;
;0;
;0;
;0;
;0;
;0;
;13.885;
;33.324;
;197.167;
;338.794;
;347.125;
;383.226;
;391.557;
;297.139;
;149.958;
;141.627;
;155.512;
;149.958;
;58.317;
;2.777;
;0;
;0;
;0;
;0;
;0;
;0;
;0;
;0;
;0;
;0;
;16.662;
;83.31;
;255.484;
;516.522;
;377.672;
;594.278;
;774.783;
;769.229;
;688.696;
;563.731;
;408.219;
;244.376;
;83.31;
;2.777;
;0;
;0;
;0;
;0;
;0;
;0;
;0;
;0;
;0;
;0;
;8.331;
;19.439;
;58.317;
;116.634;
;163.843;
;113.857;
;133.296;
;177.728;
;124.965;
;77.756;
;66.648;
;52.763;
;13.885;
;0;
;0;
;0;
;0;
;0;
;0;
;0;
;0;
;0;
;0;
;0;
;36.101;
;88.864;
;130.519;
;191.613;
;338.794;
;452.651;
;655.372;
;499.86;
;444.32;
;380.449;
;241.599;
;124.965;
;38.878;
;2.777;
;0;
;0;
;0;
;0;
;0;
;0;
;0;
;0;
;0;
;0;
;38.878;
;130.519;
;227.714;
;374.895;
;497.083;
;605.386;
;655.372;
;666.48;
;605.386;
;458.205;
;361.01;
;161.066;
;72.202;
;5.554;
;0;
;0;
;0;
;0;
;0;
;0;
;0;
;0;
;0;
;0;
;33.324;
;111.08;
;174.951;
;327.686;
;413.773;
;563.731;
;708.135;
;680.365;
;574.839;
;410.996;
;261.038;
;161.066;
;61.094;
;5.554;
;0;
;0;
;0;
;0;
;0;
;0;
;0;
;0;
;0;
;2.777;
;33.324;
;161.066;
;274.923;
;308.247;
;311.024;
;199.944;
;130.519;
;227.714;
;58.317;
;105.526;
;238.822;
;194.39;
;88.864;
;8.331;
;0;
;0;
;0;
;0;
;0;
;0;
;0;
;0;
;0;
;0;
;2.777;
;66.648;
;174.951;
;277.7;
;427.658;
;472.09;
;616.494;
;424.881;
;438.766;
;338.794;
;227.714;
;91.641;
;77.756;
;11.108;
;0;
;0;
;0;
;0;
;0;
;0;
;0;
;0;
;0;
;2.777;
;19.439;
;102.749;
;355.456;
;322.132;
;508.191;
;330.463;
;574.839;
;58.317;
;86.087;
;513.745;
;208.275;
;80.533;
;24.993;
;8.331;
;0;
;0;
;0;
;0;
;0;
;0;
;0;
;0;
;0;
;2.777;
;113.857;
;263.815;
;433.212;
;541.515;
;624.825;
;538.738;
;480.421;
;635.933;
;361.01;
;294.362;
;174.951;
;116.634;
;69.425;
;5.554;
;0;
;0;
;0;
;0;
;0;
;0;
;0;
;0;
;0;
;0;
;11.108;
;74.979;
;108.303;
;183.282;
;274.923;
;266.592;
;349.902;
;305.47;
;658.149;
;463.759;
;208.275;
;72.202;
;99.972;
;8.331;
;0;
;0;
;0;
;0;
;0;
;0;
;0;
;0;
;0;
;2.777;
;30.547;
;144.404;
;261.038;
;255.484;
;444.32;
;566.508;
;372.118;
;638.71;
;405.442;
;363.787;
;291.585;
;199.944;
;83.31;
;8.331;
;0;
;0;
;0;
;0;
;0;
;0;
;0;
;0;
;0;
;2.777;
;44.432;
;124.965;
;347.125;
;302.693;
;497.083;
;677.588;
;491.529;
;369.341;
;655.372;
;130.519;
;347.125;
;208.275;
;108.303;
;13.885;
;0;
;0;
;0;
;0;
;0;
;0;
;0;
;0;
;0;
;8.331;
;69.425;
;172.174;
;277.7;
;336.017;
;408.219;
;383.226;
;460.982;
;583.17;
;386.003;
;438.766;
;238.822;
;263.815;
;147.181;
;19.439;
;0;
;0;
;0;
;0;
;0;
;0;
;0;
;0;
;0;
;5.554;
;161.066;
;283.254;
;438.766;
;619.271;
;497.083;
;485.975;
;630.379;
;724.797;
;741.459;
;647.041;
;333.24;
;119.411;
;30.547;
;2.777;
;0;
;0;
;0;
;0;
;0;
;0;
;0;
;0;
;0;
;5.554;
;61.094;
;113.857;
;138.85;
;191.613;
;458.205;
;266.592;
;691.473;
;644.264;
;488.752;
;322.132;
;208.275;
;113.857;
;144.404;
;16.662;
;0;
;0;
;0;
;0;
;0;
;0;
;0;
;0;
;0;
;11.108;
;47.209;
;163.843;
;291.585;
;391.557;
;238.822;
;319.355;
;311.024;
;358.233;
;585.947;
;222.16;
;172.174;
;69.425;
;16.662;
;2.777;
;0;
;0;
;0;
;0;
;0;
;0;
;0;
;0;
;0;
;2.777;
;33.324;
;138.85;
;313.801;
;477.644;
;535.961;
;619.271;
;366.564;
;397.111;
;533.184;
;541.515;
;263.815;
;158.289;
;63.871;
;11.108;
;0;
;0;
;0;
;0;
;0;
;0;
;0;
;0;
;0;
;11.108;
;72.202;
;155.512;
;277.7;
;272.146;
;166.62;
;463.759;
;494.306;
;416.55;
;485.975;
;363.787;
;194.39;
;69.425;
;16.662;
;13.885;
;0;
;0;
;0;
;0;
;0;
;0;
;0;
;0;
;0;
;19.439;
;91.641;
;72.202;
;305.47;
;333.24;
;297.139;
;186.059;
;513.745;
;377.672;
;197.167;
;319.355;
;361.01;
;308.247;
;147.181;
;33.324;
;0;
;0;
;0;
;0;
;0;
;0;
;0;
;0;
;0;
;11.108;
;133.296;
;302.693;
;463.759;
;610.94;
;702.581;
;669.257;
;730.351;
;652.595;
;488.752;
;408.219;
;249.93;
;163.843;
;97.195;
;24.993;
;0;
;0;
;0;
;0;
;0;
;0;
;0;
;0;
;0;
;0;
;16.662;
;86.087;
;236.045;
;497.083;
;499.86;
;488.752;
;724.797;
;588.724;
;649.818;
;374.895;
;374.895;
;236.045;
;152.735;
;33.324;
;0;
;0;
;0;
;0;
;0;
;0;
;0;
;0;
;0;
;13.885;
;116.634;
;266.592;
;430.435;
;577.616;
;685.919;
;749.79;
;777.56;
;774.783;
;680.365;
;527.63;
;410.996;
;347.125;
;133.296;
;30.547;
;0;
;0;
;0;
;0;
;0;
;0;
;0;
;0;
;0;
;19.439;
;133.296;
;294.362;
;455.428;
;597.055;
;702.581;
;769.229;
;766.452;
;760.898;
;638.71;
;330.463;
;194.39;
;22.216;
;38.878;
;19.439;
;0;
;0;
;0;
;0;
;0;
;0;
;0;
;0;
;0;
;0;
;8.331;
;11.108;
;13.885;
;83.31;
;49.986;
;83.31;
;133.296;
;108.303;
;105.526;
;105.526;
;224.937;
;197.167;
;116.634;
;27.77;
;0;
;0;
;0;
;0;
;0;
;0;
;0;
;0;
;0;
;22.216;
;102.749;
;286.031;
;380.449;
;405.442;
;510.968;
;410.996;
;372.118;
;297.139;
;535.961;
;544.292;
;410.996;
;86.087;
;11.108;
;2.777;
;0;
;0;
;0;
;0;
;0;
;0;
;0;
;0;
;0;
;13.885;
;77.756;
;63.871;
;144.404;
;374.895;
;413.773;
;544.292;
;494.306;
;394.334;
;386.003;
;211.052;
;66.648;
;47.209;
;119.411;
;41.655;
;0;
;0;
;0;
;0;
;0;
;0;
;0;
;0;
;0;
;22.216;
;172.174;
;227.714;
;302.693;
;499.86;
;644.264;
;558.177;
;641.487;
;566.508;
;361.01;
;230.491;
;155.512;
;88.864;
;44.432;
;11.108;
;0;
;0;
;0;
;0;
;0;
;0;
;0;
;0;
;0;
;24.993;
;122.188;
;322.132;
;485.975;
;633.156;
;738.682;
;755.344;
;808.107;
;647.041;
;394.334;
;524.853;
;222.16;
;127.742;
;74.979;
;88.864;
;2.777;
;0;
;0;
;0;
;0;
;0;
;0;
;0;
;0;
;24.993;
;136.073;
;211.052;
;202.721;
;391.557;
;144.404;
;219.383;
;336.017;
;330.463;
;141.627;
;238.822;
;277.7;
;111.08;
;155.512;
;49.986;
;0;
;0;
;0;
;0;
;0;
;0;
;0;
;0;
;0;
;24.993;
;144.404;
;308.247;
;477.644;
;633.156;
;791.445;
;672.034;
;658.149;
;572.062;
;341.571;
;330.463;
;288.808;
;366.564;
;111.08;
;49.986;
;0;
;0;
;0;
;0;
;0;
;0;
;0;
;0;
;0;
;30.547;
;144.404;
;311.024;
;485.975;
;627.602;
;738.682;
;805.33;
;772.006;
;719.243;
;627.602;
;363.787;
;361.01;
;316.578;
;174.951;
;47.209;
;0;
;0;
;0;
;0;
;0;
;0;
;0;
;0;
;0;
;24.993;
;83.31;
;247.153;
;438.766;
;630.379;
;741.459;
;816.438;
;841.431;
;808.107;
;733.128;
;624.825;
;508.191;
;349.902;
;199.944;
;47.209;
;0;
;0;
;0;
;0;
;0;
;0;
;0;
;0;
;2.777;
;63.871;
;194.39;
;349.902;
;469.313;
;649.818;
;713.689;
;785.891;
;838.654;
;810.884;
;749.79;
;619.271;
;466.536;
;319.355;
;130.519;
;61.094;
;2.777;
;0;
;0;
;0;
;0;
;0;
;0;
;0;
;2.777;
;52.763;
;177.728;
;333.24;
;488.752;
;624.825;
;727.574;
;796.999;
;774.783;
;722.02;
;386.003;
;180.505;
;283.254;
;247.153;
;141.627;
;63.871;
;2.777;
;0;
;0;
;0;
;0;
;0;
;0;
;0;
;2.777;
;61.094;
;194.39;
;347.125;
;505.414;
;647.041;
;749.79;
;821.992;
;846.985;
;802.553;
;649.818;
;602.609;
;516.522;
;361.01;
;197.167;
;30.547;
;0;
;0;
;0;
;0;
;0;
;0;
;0;
;0;
;2.777;
;63.871;
;208.275;
;333.24;
;466.536;
;491.529;
;488.752;
;658.149;
;449.874;
;569.285;
;266.592;
;302.693;
;69.425;
;41.655;
;16.662;
;11.108;
;0;
;0;
;0;
;0;
;0;
;0;
;0;
;0;
;2.777;
;30.547;
;97.195;
;155.512;
;183.282;
;402.665;
;294.362;
;366.564;
;627.602;
;585.947;
;522.076;
;447.097;
;191.613;
;24.993;
;52.763;
;13.885;
;0;
;0;
;0;
;0;
;0;
;0;
;0;
;0;
;0;
;38.878;
;77.756;
;180.505;
;227.714;
;386.003;
;510.968;
;574.839;
;494.306;
;241.599;
;47.209;
;130.519;
;124.965;
;63.871;
;49.986;
;19.439;
;0;
;0;
;0;
;0;
;0;
;0;
;0;
;0;
;0;
;38.878;
;149.958;
;188.836;
;211.052;
;574.839;
;755.344;
;733.128;
;810.884;
;222.16;
;88.864;
;269.369;
;80.533;
;83.31;
;63.871;
;30.547;
;5.554;
;0;
;0;
;0;
;0;
;0;
;0;
;0;
;2.777;
;36.101;
;80.533;
;197.167;
;408.219;
;502.637;
;772.006;
;669.257;
;555.4;
;347.125;
;447.097;
;291.585;
;105.526;
;13.885;
;133.296;
;122.188;
;11.108;
;0;
;0;
;0;
;0;
;0;
;0;
;0;
;0;
;16.662;
;63.871;
;205.498;
;366.564;
;386.003;
;302.693;
;344.348;
;622.048;
;727.574;
;638.71;
;480.421;
;336.017;
;152.735;
;80.533;
;52.763;
;2.777;
;0;
;0;
;0;
;0;
;0;
;0;
;0;
;5.554;
;77.756;
;222.16;
;355.456;
;472.09;
;633.156;
;652.595;
;635.933;
;633.156;
;538.738;
;452.651;
;205.498;
;108.303;
;113.857;
;66.648;
;2.777;
;0;
;0;
;0;
;0;
;0;
;0;
;0;
;0;
;2.777;
;13.885;
;30.547;
;41.655;
;188.836;
;197.167;
;161.066;
;222.16;
;297.139;
;369.341;
;313.801;
;491.529;
;336.017;
;238.822;
;97.195;
;49.986;
;5.554;
;0;
;0;
;0;
;0;
;0;
;0;
;0;
;2.777;
;19.439;
;74.979;
;186.059;
;216.606;
;388.78;
;352.679;
;361.01;
;388.78;
;597.055;
;483.198;
;522.076;
;444.32;
;180.505;
;147.181;
;86.087;
;5.554;
;0;
;0;
;0;
;0;
;0;
;0;
;0;
;8.331;
;38.878;
;52.763;
;88.864;
;141.627;
;191.613;
;166.62;
;258.261;
;199.944;
;202.721;
;169.397;
;138.85;
;52.763;
;55.54;
;11.108;
;13.885;
;2.777;
;0;
;0;
;0;
;0;
;0;
;0;
;0;
;2.777;
;33.324;
;72.202;
;208.275;
;274.923;
;408.219;
;299.916;
;710.912;
;286.031;
;313.801;
;383.226;
;149.958;
;233.268;
;144.404;
;69.425;
;113.857;
;11.108;
;0;
;0;
;0;
;0;
;0;
;0;
;0;
;8.331;
;77.756;
;208.275;
;361.01;
;435.989;
;547.069;
;455.428;
;610.94;
;485.975;
;424.881;
;338.794;
;261.038;
;133.296;
;74.979;
;22.216;
;36.101;
;19.439;
;0;
;0;
;0;
;0;
;0;
;0;
;0;
;2.777;
;38.878;
;194.39;
;347.125;
;502.637;
;508.191;
;677.588;
;744.236;
;716.466;
;313.801;
;255.484;
;322.132;
;263.815;
;91.641;
;38.878;
;8.331;
;0;
;0;
;0;
;0;
;0;
;0;
;0;
;0;
;5.554;
;83.31;
;236.045;
;288.808;
;399.888;
;374.895;
;722.02;
;508.191;
;885.863;
;735.905;
;472.09;
;336.017;
;36.101;
;91.641;
;33.324;
;8.331;
;0;
;0;
;0;
;0;
;0;
;0;
;0;
;0;
;0;
;11.108;
;58.317;
;80.533;
;158.289;
;352.679;
;227.714;
;361.01;
;563.731;
;191.613;
;355.456;
;352.679;
;238.822;
;344.348;
;238.822;
;55.54;
;5.554;
;0;
;0;
;0;
;0;
;0;
;0;
;0;
;5.554;
;38.878;
;80.533;
;222.16;
;344.348;
;530.407;
;438.766;
;199.944;
;191.613;
;299.916;
;177.728;
;302.693;
;427.658;
;177.728;
;113.857;
;66.648;
;19.439;
;0;
;0;
;0;
;0;
;0;
;0;
;0;
;2.777;
;38.878;
;166.62;
;183.282;
;247.153;
;263.815;
;319.355;
;366.564;
;624.825;
;605.386;
;580.393;
;247.153;
;144.404;
;224.937;
;77.756;
;55.54;
;30.547;
;0;
;0;
;0;
;0;
;0;
;0;
;0;
;0;
;11.108;
;22.216;
;61.094;
;144.404;
;208.275;
;249.93;
;219.383;
;213.829;
;208.275;
;147.181;
;141.627;
;172.174;
;113.857;
;38.878;
;13.885;
;5.554;
;0;
;0;
;0;
;0;
;0;
;0;
;0;
;2.777;
;11.108;
;66.648;
;147.181;
;322.132;
;336.017;
;386.003;
;330.463;
;491.529;
;588.724;
;524.853;
;644.264;
;538.738;
;424.881;
;174.951;
;52.763;
;5.554;
;0;
;0;
;0;
;0;
;0;
;0;
;0;
;0;
;13.885;
;52.763;
;99.972;
;166.62;
;219.383;
;302.693;
;441.543;
;358.233;
;530.407;
;435.989;
;286.031;
;155.512;
;124.965;
;130.519;
;30.547;
;5.554;
;0;
;0;
;0;
;0;
;0;
;0;
;0;
;2.777;
;27.77;
;49.986;
;86.087;
;219.383;
;155.512;
;355.456;
;672.034;
;510.968;
;277.7;
;383.226;
;416.55;
;366.564;
;252.707;
;72.202;
;16.662;
;2.777;
;0;
;0;
;0;
;0;
;0;
;0;
;0;
;5.554;
;55.54;
;202.721;
;286.031;
;313.801;
;355.456;
;719.243;
;702.581;
;566.508;
;535.961;
;666.48;
;341.571;
;424.881;
;438.766;
;277.7;
;122.188;
;16.662;
;0;
;0;
;0;
;0;
;0;
;0;
;0;
;8.331;
;52.763;
;133.296;
;280.477;
;369.341;
;522.076;
;769.229;
;658.149;
;388.78;
;399.888;
;180.505;
;319.355;
;305.47;
;274.923;
;88.864;
;80.533;
;13.885;
;0;
;0;
;0;
;0;
;0;
;0;
;0;
;8.331;
;44.432;
;238.822;
;388.78;
;491.529;
;630.379;
;788.668;
;844.208;
;591.501;
;286.031;
;533.184;
;380.449;
;508.191;
;363.787;
;252.707;
;111.08;
;13.885;
;0;
;0;
;0;
;0;
;0;
;0;
;0;
;8.331;
;83.31;
;222.16;
;338.794;
;535.961;
;699.804;
;688.696;
;491.529;
;305.47;
;452.651;
;394.334;
;422.104;
;383.226;
;136.073;
;124.965;
;36.101;
;8.331;
;0;
;0;
;0;
;0;
;0;
;0;
;0;
;13.885;
;97.195;
;222.16;
;299.916;
;424.881;
;524.853;
;635.933;
;655.372;
;722.02;
;855.316;
;580.393;
;344.348;
;322.132;
;124.965;
;158.289;
;74.979;
;5.554;
;0;
;0;
;0;
;0;
;0;
;0;
;0;
;2.777;
;22.216;
;47.209;
;77.756;
;113.857;
;147.181;
;133.296;
;108.303;
;133.296;
;336.017;
;299.916;
;533.184;
;161.066;
;116.634;
;44.432;
;38.878;
;8.331;
;0;
;0;
;0;
;0;
;0;
;0;
;0;
;8.331;
;58.317;
;252.707;
;258.261;
;358.233;
;497.083;
;741.459;
;874.755;
;488.752;
;405.442;
;258.261;
;333.24;
;455.428;
;272.146;
;233.268;
;72.202;
;8.331;
;0;
;0;
;0;
;0;
;0;
;0;
;0;
;11.108;
;61.094;
;252.707;
;280.477;
;383.226;
;552.623;
;322.132;
;547.069;
;497.083;
;499.86;
;577.616;
;263.815;
;266.592;
;230.491;
;119.411;
;44.432;
;22.216;
;0;
;0;
;0;
;0;
;0;
;0;
;0;
;2.777;
;38.878;
;102.749;
;319.355;
;397.111;
;652.595;
;744.236;
;769.229;
;663.703;
;485.975;
;494.306;
;308.247;
;291.585;
;205.498;
;161.066;
;44.432;
;5.554;
;0;
;0;
;0;
;0;
;0;
;0;
;0;
;2.777;
;19.439;
;108.303;
;186.059;
;99.972;
;108.303;
;183.282;
;174.951;
;113.857;
;294.362;
;74.979;
;144.404;
;280.477;
;258.261;
;199.944;
;63.871;
;8.331;
;0;
;0;
;0;
;0;
;0;
;0;
;0;
;5.554;
;47.209;
;86.087;
;88.864;
;294.362;
;302.693;
;355.456;
;388.78;
;399.888;
;649.818;
;297.139;
;322.132;
;291.585;
;141.627;
;49.986;
;16.662;
;19.439;
;0;
;0;
;0;
;0;
;0;
;0;
;0;
;5.554;
;38.878;
;111.08;
;261.038;
;299.916;
;261.038;
;397.111;
;491.529;
;466.536;
;261.038;
;308.247;
;319.355;
;255.484;
;372.118;
;211.052;
;83.31;
;22.216;
;0;
;0;
;0;
;0;
;0;
;0;
;0;
;5.554;
;41.655;
;91.641;
;136.073;
;180.505;
;308.247;
;530.407;
;680.365;
;833.1;
;619.271;
;408.219;
;547.069;
;469.313;
;363.787;
;177.728;
;127.742;
;38.878;
;0;
;0;
;0;
;0;
;0;
;0;
;0;
;8.331;
;52.763;
;66.648;
;61.094;
;88.864;
;158.289;
;122.188;
;141.627;
;174.951;
;180.505;
;188.836;
;97.195;
;63.871;
;138.85;
;33.324;
;16.662;
;13.885;
;0;
;0;
;0;
;0;
;0;
;0;
;0;
;8.331;
;52.763;
;172.174;
;305.47;
;472.09;
;716.466;
;730.351;
;644.264;
;685.919;
;483.198;
;683.142;
;716.466;
;569.285;
;449.874;
;294.362;
;147.181;
;38.878;
;0;
;0;
;0;
;0;
;0;
;0;
;0;
;11.108;
;52.763;
;274.923;
;272.146;
;558.177;
;619.271;
;722.02;
;588.724;
;291.585;
;288.808;
;163.843;
;308.247;
;155.512;
;74.979;
;41.655;
;11.108;
;5.554;
;0;
;0;
;0;
;0;
;0;
;0;
;0;
;8.331;
;33.324;
;77.756;
;124.965;
;191.613;
;158.289;
;205.498;
;355.456;
;363.787;
;191.613;
;113.857;
;174.951;
;77.756;
;97.195;
;27.77;
;22.216;
;5.554;
;0;
;0;
;0;
;0;
;0;
;0;
;0;
;8.331;
;83.31;
;222.16;
;202.721;
;169.397;
;336.017;
;352.679;
;488.752;
;613.717;
;577.616;
;485.975;
;388.78;
;319.355;
;155.512;
;91.641;
;22.216;
;24.993;
;0;
;0;
;0;
;0;
;0;
;0;
;0;
;11.108;
;83.31;
;236.045;
;383.226;
;538.738;
;702.581;
;791.445;
;685.919;
;605.386;
;572.062;
;333.24;
;366.564;
;508.191;
;422.104;
;244.376;
;127.742;
;27.77;
;0;
;0;
;0;
;0;
;0;
;0;
;0;
;11.108;
;91.641;
;222.16;
;374.895;
;522.076;
;644.264;
;791.445;
;821.992;
;749.79;
;594.278;
;927.518;
;541.515;
;460.982;
;441.543;
;269.369;
;122.188;
;22.216;
;0;
;0;
;0;
;0;
;0;
;0;
;0;
;11.108;
;97.195;
;236.045;
;366.564;
;524.853;
;660.926;
;791.445;
;755.344;
;827.546;
;858.093;
;805.33;
;710.912;
;588.724;
;427.658;
;272.146;
;127.742;
;22.216;
;0;
;0;
;0;
;0;
;0;
;0;
;0;
;11.108;
;97.195;
;230.491;
;380.449;
;538.738;
;674.811;
;777.56;
;849.762;
;880.309;
;863.647;
;796.999;
;699.804;
;585.947;
;341.571;
;247.153;
;97.195;
;22.216;
;0;
;0;
;0;
;0;
;0;
;0;
;0;
;8.331;
;77.756;
;236.045;
;347.125;
;499.86;
;635.933;
;738.682;
;763.675;
;874.755;
;755.344;
;610.94;
;669.257;
;480.421;
;311.024;
;119.411;
;66.648;
;30.547;
;0;
;0;
;0;
;0;
;0;
;0;
;0;
;8.331;
;83.31;
;188.836;
;377.672;
;361.01;
;630.379;
;694.25;
;835.877;
;663.703;
;874.755;
;591.501;
;455.428;
;410.996;
;369.341;
;230.491;
;111.08;
;22.216;
;0;
;0;
;0;
;0;
;0;
;0;
;0;
;8.331;
;83.31;
;180.505;
;352.679;
;513.745;
;647.041;
;755.344;
;866.424;
;885.863;
;874.755;
;813.661;
;738.682;
;419.327;
;302.693;
;24.993;
;5.554;
;2.777;
;0;
;0;
;0;
;0;
;0;
;0;
;0;
;0;
;22.216;
;47.209;
;122.188;
;286.031;
;583.17;
;566.508;
;497.083;
;594.278;
;438.766;
;416.55;
;224.937;
;180.505;
;152.735;
;94.418;
;77.756;
;19.439;
;0;
;0;
;0;
;0;
;0;
;0;
;0;
;5.554;
;30.547;
;180.505;
;316.578;
;380.449;
;274.923;
;430.435;
;655.372;
;574.839;
;597.055;
;291.585;
;311.024;
;286.031;
;208.275;
;91.641;
;47.209;
;5.554;
;0;
;0;
;0;
;0;
;0;
;0;
;0;
;0;
;13.885;
;63.871;
;133.296;
;149.958;
;183.282;
;230.491;
;297.139;
;349.902;
;327.686;
;336.017;
;416.55;
;438.766;
;294.362;
;197.167;
;61.094;
;11.108;
;0;
;0;
;0;
;0;
;0;
;0;
;0;
;5.554;
;111.08;
;227.714;
;144.404;
;116.634;
;161.066;
;136.073;
;141.627;
;177.728;
;402.665;
;155.512;
;541.515;
;541.515;
;324.909;
;144.404;
;58.317;
;2.777;
;0;
;0;
;0;
;0;
;0;
;0;
;0;
;0;
;16.662;
;161.066;
;280.477;
;519.299;
;619.271;
;630.379;
;683.142;
;791.445;
;838.654;
;747.013;
;588.724;
;591.501;
;319.355;
;277.7;
;119.411;
;13.885;
;0;
;0;
;0;
;0;
;0;
;0;
;0;
;5.554;
;47.209;
;144.404;
;174.951;
;180.505;
;272.146;
;202.721;
;166.62;
;133.296;
;208.275;
;116.634;
;127.742;
;197.167;
;77.756;
;41.655;
;22.216;
;2.777;
;0;
;0;
;0;
;0;
;0;
;0;
;0;
;5.554;
;47.209;
;202.721;
;311.024;
;302.693;
;336.017;
;219.383;
;147.181;
;266.592;
;497.083;
;613.717;
;535.961;
;341.571;
;413.773;
;183.282;
;147.181;
;33.324;
;0;
;0;
;0;
;0;
;0;
;0;
;0;
;8.331;
;74.979;
;222.16;
;341.571;
;508.191;
;633.156;
;580.393;
;683.142;
;716.466;
;291.585;
;505.414;
;88.864;
;113.857;
;66.648;
;130.519;
;47.209;
;11.108;
;0;
;0;
;0;
;0;
;0;
;0;
;0;
;5.554;
;63.871;
;222.16;
;277.7;
;569.285;
;683.142;
;649.818;
;491.529;
;444.32;
;372.118;
;358.233;
;391.557;
;327.686;
;169.397;
;102.749;
;41.655;
;5.554;
;0;
;0;
;0;
;0;
;0;
;0;
;0;
;2.777;
;69.425;
;191.613;
;352.679;
;466.536;
;413.773;
;538.738;
;449.874;
;602.609;
;641.487;
;516.522;
;638.71;
;424.881;
;105.526;
;13.885;
;2.777;
;0;
;0;
;0;
;0;
;0;
;0;
;0;
;0;
;2.777;
;11.108;
;66.648;
;252.707;
;491.529;
;361.01;
;605.386;
;447.097;
;522.076;
;685.919;
;527.63;
;485.975;
;452.651;
;255.484;
;169.397;
;119.411;
;16.662;
;0;
;0;
;0;
;0;
;0;
;0;
;0;
;5.554;
;24.993;
;158.289;
;341.571;
;419.327;
;502.637;
;663.703;
;610.94;
;749.79;
;699.804;
;535.961;
;410.996;
;349.902;
;338.794;
;147.181;
;88.864;
;8.331;
;0;
;0;
;0;
;0;
;0;
;0;
;0;
;5.554;
;66.648;
;80.533;
;47.209;
;74.979;
;24.993;
;24.993;
;58.317;
;33.324;
;172.174;
;116.634;
;188.836;
;336.017;
;66.648;
;72.202;
;47.209;
;2.777;
;0;
;0;
;0;
;0;
;0;
;0;
;0;
;0;
;13.885;
;38.878;
;63.871;
;119.411;
;202.721;
;194.39;
;394.334;
;513.745;
;377.672;
;347.125;
;369.341;
;274.923;
;216.606;
;94.418;
;61.094;
;19.439;
;0;
;0;
;0;
;0;
;0;
;0;
;0;
;5.554;
;55.54;
;166.62;
;311.024;
;497.083;
;655.372;
;727.574;
;635.933;
;697.027;
;766.452;
;672.034;
;444.32;
;441.543;
;277.7;
;188.836;
;99.972;
;22.216;
;0;
;0;
;0;
;0;
;0;
;0;
;0;
;2.777;
;55.54;
;208.275;
;338.794;
;497.083;
;635.933;
;688.696;
;674.811;
;805.33;
;741.459;
;741.459;
;524.853;
;458.205;
;263.815;
;66.648;
;24.993;
;0;
;0;
;0;
;0;
;0;
;0;
;0;
;0;
;2.777;
;16.662;
;116.634;
;302.693;
;405.442;
;463.759;
;441.543;
;363.787;
;510.968;
;597.055;
;274.923;
;458.205;
;469.313;
;202.721;
;47.209;
;66.648;
;13.885;
;0;
;0;
;0;
;0;
;0;
;0;
;0;
;2.777;
;55.54;
;194.39;
;313.801;
;474.867;
;330.463;
;383.226;
;330.463;
;669.257;
;460.982;
;238.822;
;286.031;
;158.289;
;338.794;
;241.599;
;111.08;
;11.108;
;0;
;0;
;0;
;0;
;0;
;0;
;0;
;2.777;
;52.763;
;172.174;
;308.247;
;422.104;
;447.097;
;685.919;
;716.466;
;785.891;
;810.884;
;827.546;
;588.724;
;510.968;
;291.585;
;238.822;
;94.418;
;11.108;
;0;
;0;
;0;
;0;
;0;
;0;
;0;
;2.777;
;33.324;
;86.087;
;222.16;
;324.909;
;374.895;
;280.477;
;283.254;
;327.686;
;713.689;
;502.637;
;430.435;
;374.895;
;205.498;
;274.923;
;80.533;
;11.108;
;0;
;0;
;0;
;0;
;0;
;0;
;0;
;0;
;55.54;
;172.174;
;322.132;
;477.644;
;613.717;
;738.682;
;810.884;
;838.654;
;824.769;
;744.236;
;547.069;
;399.888;
;358.233;
;149.958;
;27.77;
;0;
;0;
;0;
;0;
;0;
;0;
;0;
;0;
;8.331;
;52.763;
;69.425;
;169.397;
;219.383;
;355.456;
;369.341;
;535.961;
;344.348;
;208.275;
;191.613;
;227.714;
;213.829;
;47.209;
;52.763;
;27.77;
;5.554;
;0;
;0;
;0;
;0;
;0;
;0;
;0;
;0;
;27.77;
;152.735;
;338.794;
;472.09;
;558.177;
;610.94;
;238.822;
;388.78;
;710.912;
;780.337;
;630.379;
;352.679;
;280.477;
;113.857;
;41.655;
;2.777;
;0;
;0;
;0;
;0;
;0;
;0;
;0;
;0;
;8.331;
;19.439;
;41.655;
;186.059;
;127.742;
;341.571;
;233.268;
;122.188;
;277.7;
;569.285;
;133.296;
;94.418;
;219.383;
;188.836;
;94.418;
;8.331;
;0;
;0;
;0;
;0;
;0;
;0;
;0;
;0;
;11.108;
;111.08;
;288.808;
;386.003;
;569.285;
;672.034;
;685.919;
;605.386;
;633.156;
;605.386;
;605.386;
;547.069;
;397.111;
;233.268;
;88.864;
;8.331;
;0;
;0;
;0;
;0;
;0;
;0;
;0;
;0;
;22.216;
;91.641;
;94.418;
;161.066;
;227.714;
;322.132;
;491.529;
;555.4;
;399.888;
;597.055;
;299.916;
;188.836;
;180.505;
;49.986;
;19.439;
;0;
;0;
;0;
;0;
;0;
;0;
;0;
;0;
;0;
;5.554;
;38.878;
;152.735;
;266.592;
;372.118;
;208.275;
;580.393;
;463.759;
;410.996;
;469.313;
;538.738;
;374.895;
;252.707;
;122.188;
;44.432;
;8.331;
;0;
;0;
;0;
;0;
;0;
;0;
;0;
;0;
;30.547;
;113.857;
;249.93;
;444.32;
;516.522;
;619.271;
;508.191;
;327.686;
;297.139;
;374.895;
;197.167;
;249.93;
;213.829;
;108.303;
;91.641;
;11.108;
;0;
;0;
;0;
;0;
;0;
;0;
;0;
;0;
;38.878;
;161.066;
;299.916;
;472.09;
;558.177;
;685.919;
;788.668;
;866.424;
;719.243;
;749.79;
;572.062;
;544.292;
;288.808;
;188.836;
;77.756;
;8.331;
;0;
;0;
;0;
;0;
;0;
;0;
;0;
;0;
;41.655;
;166.62;
;319.355;
;483.198;
;630.379;
;738.682;
;821.992;
;849.762;
;830.323;
;785.891;
;685.919;
;547.069;
;386.003;
;224.937;
;80.533;
;5.554;
;0;
;0;
;0;
;0;
;0;
;0;
;0;
;0;
;27.77;
;144.404;
;294.362;
;449.874;
;591.501;
;702.581;
;749.79;
;777.56;
;783.114;
;766.452;
;658.149;
;513.745;
;199.944;
;199.944;
;61.094;
;0;
;0;
;0;
;0;
;0;
;0;
;0;
;0;
;0;
;27.77;
;102.749;
;194.39;
;344.348;
;460.982;
;541.515;
;527.63;
;630.379;
;549.846;
;735.905;
;644.264;
;513.745;
;291.585;
;144.404;
;72.202;
;0;
;0;
;0;
;0;
;0;
;0;
;0;
;0;
;0;
;38.878;
;122.188;
;133.296;
;199.944;
;247.153;
;405.442;
;213.829;
;199.944;
;133.296;
;130.519;
;108.303;
;88.864;
;149.958;
;191.613;
;24.993;
;2.777;
;0;
;0;
;0;
;0;
;0;
;0;
;0;
;0;
;11.108;
;111.08;
;249.93;
;416.55;
;585.947;
;505.414;
;649.818;
;763.675;
;849.762;
;699.804;
;549.846;
;447.097;
;261.038;
;177.728;
;61.094;
;0;
;0;
;0;
;0;
;0;
;0;
;0;
;0;
;0;
;11.108;
;49.986;
;149.958;
;191.613;
;438.766;
;405.442;
;538.738;
;499.86;
;344.348;
;455.428;
;308.247;
;94.418;
;61.094;
;58.317;
;44.432;
;0;
;0;
;0;
;0;
;0;
;0;
;0;
;0;
;0;
;36.101;
;99.972;
;224.937;
;366.564;
;352.679;
;494.306;
;455.428;
;413.773;
;338.794;
;280.477;
;366.564;
;341.571;
;244.376;
;136.073;
;33.324;
;0;
;0;
;0;
;0;
;0;
;0;
;0;
;0;
;0;
;8.331;
;80.533;
;222.16;
;280.477;
;347.125;
;683.142;
;733.128;
;833.1;
;791.445;
;735.905;
;638.71;
;541.515;
;349.902;
;191.613;
;58.317;
;0;
;0;
;0;
;0;
;0;
;0;
;0;
;0;
;0;
;24.993;
;144.404;
;280.477;
;430.435;
;585.947;
;705.358;
;727.574;
;735.905;
;808.107;
;555.4;
;613.717;
;463.759;
;333.24;
;88.864;
;41.655;
;2.777;
;0;
;0;
;0;
;0;
;0;
;0;
;0;
;0;
;8.331;
;30.547;
;119.411;
;105.526;
;41.655;
;144.404;
;130.519;
;652.595;
;558.177;
;680.365;
;483.198;
;413.773;
;333.24;
;202.721;
;36.101;
;0;
;0;
;0;
;0;
;0;
;0;
;0;
;0;
;0;
;11.108;
;83.31;
;266.592;
;327.686;
;547.069;
;497.083;
;441.543;
;619.271;
;616.494;
;463.759;
;605.386;
;202.721;
;327.686;
;149.958;
;44.432;
;0;
;0;
;0;
;0;
;0;
;0;
;0;
;0;
;0;
;5.554;
;24.993;
;36.101;
;49.986;
;77.756;
;111.08;
;144.404;
;244.376;
;491.529;
;372.118;
;438.766;
;460.982;
;224.937;
;199.944;
;47.209;
;0;
;0;
;0;
;0;
;0;
;0;
;0;
;0;
;0;
;8.331;
;38.878;
;116.634;
;408.219;
;477.644;
;516.522;
;719.243;
;783.114;
;810.884;
;708.135;
;513.745;
;247.153;
;161.066;
;80.533;
;19.439;
;0;
;0;
;0;
;0;
;0;
;0;
;0;
;0;
;0;
;13.885;
;127.742;
;269.369;
;422.104;
;574.839;
;685.919;
;788.668;
;852.539;
;699.804;
;649.818;
;399.888;
;494.306;
;247.153;
;166.62;
;41.655;
;0;
;0;
;0;
;0;
;0;
;0;
;0;
;0;
;0;
;11.108;
;124.965;
;263.815;
;413.773;
;563.731;
;677.588;
;758.121;
;788.668;
;766.452;
;710.912;
;610.94;
;474.867;
;322.132;
;161.066;
;33.324;
;0;
;0;
;0;
;0;
;0;
;0;
;0;
;0;
;0;
;5.554;
;55.54;
;111.08;
;386.003;
;519.299;
;641.487;
;727.574;
;747.013;
;699.804;
;674.811;
;549.846;
;430.435;
;308.247;
;180.505;
;44.432;
;0;
;0;
;0;
;0;
;0;
;0;
;0;
;0;
;0;
;11.108;
;72.202;
;149.958;
;388.78;
;408.219;
;391.557;
;261.038;
;86.087;
;127.742;
;83.31;
;55.54;
;22.216;
;58.317;
;58.317;
;13.885;
;0;
;0;
;0;
;0;
;0;
;0;
;0;
;0;
;0;
;5.554;
;47.209;
;122.188;
;188.836;
;530.407;
;672.034;
;594.278;
;533.184;
;563.731;
;474.867;
;430.435;
;374.895;
;288.808;
;149.958;
;30.547;
;0;
;0;
;0;
;0;
;0;
;0;
;0;
;0;
;0;
;5.554;
;44.432;
;61.094;
;97.195;
;177.728;
;205.498;
;174.951;
;133.296;
;86.087;
;208.275;
;272.146;
;97.195;
;74.979;
;36.101;
;5.554;
;0;
;0;
;0;
;0;
;0;
;0;
;0;
;0;
;0;
;5.554;
;69.425;
;233.268;
;391.557;
;572.062;
;658.149;
;747.013;
;647.041;
;702.581;
;747.013;
;649.818;
;263.815;
;255.484;
;113.857;
;33.324;
;0;
;0;
;0;
;0;
;0;
;0;
;0;
;0;
;0;
;2.777;
;52.763;
;119.411;
;319.355;
;449.874;
;336.017;
;519.299;
;613.717;
;463.759;
;458.205;
;369.341;
;255.484;
;158.289;
;63.871;
;11.108;
;0;
;0;
;0;
;0;
;0;
;0;
;0;
;0;
;0;
;8.331;
;83.31;
;219.383;
;361.01;
;505.414;
;613.717;
;685.919;
;710.912;
;677.588;
;616.494;
;530.407;
;349.902;
;216.606;
;111.08;
;22.216;
;0;
;0;
;0;
;0;
;0;
;0;
;0;
;0;
;0;
;2.777;
;63.871;
;197.167;
;344.348;
;463.759;
;563.731;
;649.818;
;716.466;
;660.926;
;419.327;
;161.066;
;55.54;
;58.317;
;16.662;
;2.777;
;0;
;0;
;0;
;0;
;0;
;0;
;0;
;0;
;0;
;5.554;
;88.864;
;233.268;
;394.334;
;572.062;
;522.076;
;438.766;
;516.522;
;469.313;
;610.94;
;455.428;
;341.571;
;166.62;
;133.296;
;24.993;
;0;
;0;
;0;
;0;
;0;
;0;
;0;
;0;
;0;
;2.777;
;47.209;
;180.505;
;405.442;
;455.428;
;616.494;
;574.839;
;519.299;
;569.285;
;463.759;
;324.909;
;236.045;
;99.972;
;19.439;
;5.554;
;0;
;0;
;0;
;0;
;0;
;0;
;0;
;0;
;0;
;2.777;
;44.432;
;105.526;
;274.923;
;422.104;
;236.045;
;188.836;
;163.843;
;202.721;
;460.982;
;427.658;
;274.923;
;216.606;
;113.857;
;8.331;
;0;
;0;
;0;
;0;
;0;
;0;
;0;
;0;
;0;
;2.777;
;22.216;
;72.202;
;149.958;
;344.348;
;341.571;
;274.923;
;627.602;
;555.4;
;572.062;
;422.104;
;258.261;
;41.655;
;27.77;
;0;
;0;
;0;
;0;
;0;
;0;
;0;
;0;
;0;
;0;
;2.777;
;72.202;
;191.613;
;363.787;
;452.651;
;585.947;
;683.142;
;583.17;
;597.055;
;677.588;
;352.679;
;152.735;
;222.16;
;102.749;
;5.554;
;0;
;0;
;0;
;0;
;0;
;0;
;0;
;0;
;0;
;2.777;
;69.425;
;194.39;
;316.578;
;386.003;
;488.752;
;438.766;
;505.414;
;291.585;
;555.4;
;449.874;
;344.348;
;227.714;
;97.195;
;5.554;
;0;
;0;
;0;
;0;
;0;
;0;
;0;
;0;
;0;
;2.777;
;80.533;
;211.052;
;355.456;
;508.191;
;619.271;
;702.581;
;741.459;
;719.243;
;533.184;
;563.731;
;419.327;
;261.038;
;99.972;
;5.554;
;0;
;0;
;0;
;0;
;0;
;0;
;0;
;0;
;0;
;2.777;
;77.756;
;211.052;
;369.341;
;513.745;
;622.048;
;705.358;
;733.128;
;713.689;
;647.041;
;544.292;
;405.442;
;252.707;
;83.31;
;2.777;
;0;
;0;
;0;
;0;
;0;
;0;
;0;
;0;
;0;
;2.777;
;52.763;
;183.282;
;327.686;
;477.644;
;594.278;
;613.717;
;633.156;
;624.825;
;433.212;
;577.616;
;358.233;
;216.606;
;41.655;
;5.554;
;0;
;0;
;0;
;0;
;0;
;0;
;0;
;0;
;0;
;0;
;19.439;
;91.641;
;202.721;
;261.038;
;258.261;
;297.139;
;352.679;
;374.895;
;380.449;
;272.146;
;205.498;
;124.965;
;83.31;
;5.554;
;0;
;0;
;0;
;0;
;0;
;0;
;0;
;0;
;0;
;0;
;30.547;
;105.526;
;286.031;
;349.902;
;588.724;
;669.257;
;685.919;
;663.703;
;605.386;
;497.083;
;349.902;
;169.397;
;47.209;
;2.777;
;0;
;0;
;0;
;0;
;0;
;0;
;0;
;0;
;0;
;2.777;
;61.094;
;180.505;
;305.47;
;458.205;
;588.724;
;647.041;
;694.25;
;683.142;
;616.494;
;505.414;
;363.787;
;199.944;
;41.655;
;2.777;
;0;
;0;
;0;
;0;
;0;
;0;
;0;
;0;
;0;
;0;
;38.878;
;124.965;
;274.923;
;377.672;
;494.306;
;588.724;
;649.818;
;660.926;
;591.501;
;386.003;
;341.571;
;152.735;
;41.655;
;0;
;0;
;0;
;0;
;0;
;0;
;0;
;0;
;0;
;0;
;0;
;30.547;
;188.836;
;180.505;
;280.477;
;294.362;
;336.017;
;316.578;
;272.146;
;233.268;
;158.289;
;88.864;
;69.425;
;27.77;
;0;
;0;
;0;
;0;
;0;
;0;
;0;
;0;
;0;
;0;
;0;
;22.216;
;86.087;
;94.418;
;74.979;
;66.648;
;119.411;
;397.111;
;288.808;
;249.93;
;299.916;
;177.728;
;152.735;
;41.655;
;0;
;0;
;0;
;0;
;0;
;0;
;0;
;0;
;0;
;0;
;0;
;13.885;
;47.209;
;91.641;
;180.505;
;377.672;
;619.271;
;655.372;
;635.933;
;516.522;
;408.219;
;330.463;
;177.728;
;47.209;
;0;
;0;
;0;
;0;
;0;
;0;
;0;
;0;
;0;
;0;
;0;
;33.324;
;152.735;
;272.146;
;424.881;
;560.954;
;605.386;
;638.71;
;644.264;
;544.292;
;258.261;
;74.979;
;27.77;
;0;
;0;
;0;
;0;
;0;
;0;
;0;
;0;
;0;
;0;
;0;
;0;
;30.547;
;105.526;
;224.937;
;413.773;
;480.421;
;683.142;
;674.811;
;655.372;
;588.724;
;497.083;
;308.247;
;180.505;
;52.763;
;0;
;0;
;0;
;0;
;0;
;0;
;0;
;0;
;0;
;0;
;0;
;24.993;
;74.979;
;216.606;
;366.564;
;430.435;
;630.379;
;680.365;
;605.386;
;624.825;
;472.09;
;166.62;
;86.087;
;13.885;
;0;
;0;
;0;
;0;
;0;
;0;
;0;
;0;
;0;
;0;
;0;
;8.331;
;38.878;
;44.432;
;49.986;
;211.052;
;249.93;
;508.191;
;213.829;
;94.418;
;249.93;
;261.038;
;99.972;
;33.324;
;0;
;0;
;0;
;0;
;0;
;0;
;0;
;0;
;0;
;0;
;0;
;16.662;
;91.641;
;249.93;
;366.564;
;322.132;
;252.707;
;180.505;
;97.195;
;74.979;
;49.986;
;55.54;
;30.547;
;2.777;
;0;
;0;
;0;
;0;
;0;
;0;
;0;
;0;
;0;
;0;
;0;
;22.216;
;63.871;
;211.052;
;349.902;
;391.557;
;694.25;
;455.428;
;463.759;
;419.327;
;294.362;
;169.397;
;8.331;
;11.108;
;0;
;0;
;0;
;0;
;0;
;0;
;0;
;0;
;0;
;0;
;0;
;22.216;
;136.073;
;319.355;
;513.745;
;513.745;
;574.839;
;199.944;
;447.097;
;188.836;
;322.132;
;363.787;
;147.181;
;63.871;
;0;
;0;
;0;
;0;
;0;
;0;
;0;
;0;
;0;
;0;
;0;
;30.547;
;127.742;
;291.585;
;408.219;
;372.118;
;333.24;
;399.888;
;499.86;
;608.163;
;447.097;
;319.355;
;177.728;
;27.77;
;0;
;0;
;0;
;0;
;0;
;0;
;0;
;0;
;0;
;0;
;0;
;33.324;
;138.85;
;305.47;
;447.097;
;538.738;
;622.048;
;552.623;
;416.55;
;372.118;
;294.362;
;336.017;
;188.836;
;30.547;
;0;
;0;
;0;
;0;
;0;
;0;
;0;
;0;
;0;
;0;
;0;
;22.216;
;152.735;
;291.585;
;424.881;
;549.846;
;441.543;
;263.815;
;327.686;
;266.592;
;258.261;
;88.864;
;74.979;
;19.439;
;0;
;0;
;0;
;0;
;0;
;0;
;0;
;0;
;0;
;0;
;0;
;13.885;
;49.986;
;122.188;
;213.829;
;205.498;
;274.923;
;330.463;
;433.212;
;349.902;
;111.08;
;144.404;
;127.742;
;27.77;
;0;
;0;
;0;
;0;
;0;
;0;
;0;
;0;
;0;
;0;
;0;
;11.108;
;97.195;
;222.16;
;399.888;
;469.313;
;422.104;
;369.341;
;519.299;
;519.299;
;410.996;
;269.369;
;108.303;
;16.662;
;0;
;0;
;0;
;0;
;0;
;0;
;0;
;0;
;0;
;0;
;0;
;5.554;
;36.101;
;91.641;
;113.857;
;252.707;
;483.198;
;477.644;
;510.968;
;499.86;
;399.888;
;249.93;
;88.864;
;11.108;
;0;
;0;
;0;
;0;
;0;
;0;
;0;
;0;
;0;
;0;
;0;
;8.331;
;49.986;
;122.188;
;191.613;
;299.916;
;544.292;
;555.4;
;452.651;
;447.097;
;383.226;
;249.93;
;108.303;
;13.885;
;0;
;0;
;0;
;0;
;0;
;0;
;0;
;0;
;0;
;0;
;0;
;13.885;
;111.08;
;252.707;
;391.557;
;510.968;
;577.616;
;591.501;
;502.637;
;480.421;
;405.442;
;261.038;
;111.08;
;11.108;
;0;
;0;
;0;
;0;
;0;
;0;
;0;
;0;
;0;
;0;
;0;
;13.885;
;113.857;
;263.815;
;394.334;
;510.968;
;577.616;
;580.393;
;555.4;
;491.529;
;394.334;
;255.484;
;105.526;
;8.331;
;0;
;0;
;0;
;0;
;0;
;0;
;0;
;0;
;0;
;0;
;0;
;13.885;
;97.195;
;255.484;
;366.564;
;513.745;
;585.947;
;599.832;
;572.062;
;438.766;
;155.512;
;113.857;
;47.209;
;2.777;
;0;
;0;
;0;
;0;
;0;
;0;
;0;
;0;
;0;
;0;
;0;
;2.777;
;33.324;
;161.066;
;291.585;
;311.024;
;330.463;
;269.369;
;255.484;
;338.794;
;366.564;
;244.376;
;91.641;
;5.554;
;0;
;0;
;0;
;0;
;0;
;0;
;0;
;0;
;0;
;0;
;0;
;5.554;
;72.202;
;147.181;
;177.728;
;299.916;
;291.585;
;308.247;
;361.01;
;349.902;
;213.829;
;72.202;
;11.108;
;2.777;
;0;
;0;
;0;
;0;
;0;
;0;
;0;
;0;
;0;
;0;
;0;
;2.777;
;38.878;
;69.425;
;124.965;
;199.944;
;263.815;
;391.557;
;322.132;
;316.578;
;241.599;
;72.202;
;27.77;
;2.777;
;0;
;0;
;0;
;0;
;0;
;0;
;0;
;0;
;0;
;0;
;0;
;2.777;
;33.324;
;138.85;
;283.254;
;280.477;
;166.62;
;477.644;
;322.132;
;347.125;
;280.477;
;108.303;
;16.662;
;0;
;0;
;0;
;0;
;0;
;0;
;0;
;0;
;0;
;0;
;0;
;0;
;2.777;
;83.31;
;136.073;
;197.167;
;133.296;
;138.85;
;124.965;
;33.324;
;38.878;
;63.871;
;58.317;
;19.439;
;2.777;
;0;
;0;
;0;
;0;
;0;
;0;
;0;
;0;
;0;
;0;
;0;
;2.777;
;33.324;
;174.951;
;374.895;
;499.86;
;499.86;
;424.881;
;322.132;
;438.766;
;258.261;
;122.188;
;66.648;
;2.777;
;0;
;0;
;0;
;0;
;0;
;0;
;0;
;0;
;0;
;0;
;0;
;5.554;
;97.195;
;236.045;
;377.672;
;488.752;
;549.846;
;585.947;
;472.09;
;238.822;
;197.167;
;80.533;
;27.77;
;0;
;0;
;0;
;0;
;0;
;0;
;0;
;0;
;0;
;0;
;0;
;0;
;2.777;
;61.094;
;180.505;
;363.787;
;249.93;
;124.965;
;91.641;
;163.843;
;63.871;
;55.54;
;30.547;
;13.885;
;0;
;0;
;0;
;0;
;0;
;0;
;0;
;0;
;0;
;0;
;0;
;0;
;0;
;5.554;
;19.439;
;36.101;
;66.648;
;86.087;
;66.648;
;63.871;
;52.763;
;38.878;
;86.087;
;36.101;
;0;
;0;
;0;
;0;
;0;
;0;
;0;
;0;
;0;
;0;
;0;
;0;
;0;
;22.216;
;30.547;
;58.317;
;74.979;
;74.979;
;113.857;
;94.418;
;36.101;
;47.209;
;49.986;
;11.108;
;0;
;0;
;0;
;0;
;0;
;0;
;0;
;0;
;0;
;0;
;0;
;0;
;2.777;
;74.979;
;224.937;
;338.794;
;441.543;
;524.853;
;524.853;
;427.658;
;358.233;
;255.484;
;194.39;
;24.993;
;0;
;0;
;0;
;0;
;0;
;0;
;0;
;0;
;0;
;0;
;0;
;0;
;2.777;
;77.756;
;222.16;
;336.017;
;463.759;
;530.407;
;469.313;
;538.738;
;422.104;
;205.498;
;202.721;
;44.432;
;0;
;0;
;0;
;0;
;0;
;0;
;0;
;0;
;0;
;0;
;0;
;0;
;2.777;
;69.425;
;205.498;
;341.571;
;460.982;
;555.4;
;447.097;
;308.247;
;355.456;
;305.47;
;199.944;
;47.209;
;0;
;0;
;0;
;0;
;0;
;0;
;0;
;0;
;0;
;0;
;0;
;0;
;2.777;
;69.425;
;180.505;
;280.477;
;305.47;
;399.888;
;444.32;
;341.571;
;302.693;
;291.585;
;191.613;
;44.432;
;0;
;0;
;0;
;0;
;0;
;0;
;0;
;0;
;0;
;0;
;0;
;0;
;0;
;41.655;
;194.39;
;327.686;
;433.212;
;316.578;
;394.334;
;377.672;
;336.017;
;219.383;
;116.634;
;22.216;
;0;
;0;
;0;
;0;
;0;
;0;
;0;
;0;
;0;
;0;
;0;
;0;
;0;
;22.216;
;66.648;
;211.052;
;299.916;
;410.996;
;380.449;
;313.801;
;197.167;
;111.08;
;63.871;
;24.993;
;0;
;0;
;0;
;0;
;0;
;0;
;0;
;0;
;0;
;0;
;0;
;0;
;0;
;16.662;
;66.648;
;127.742;
;116.634;
;122.188;
;147.181;
;83.31;
;80.533;
;47.209;
;33.324;
;5.554;
;0;
;0;
;0;
;0;
;0;
;0;
;0;
;0;
;0;
;0;
;0;
;0;
;0;
;19.439;
;119.411;
;261.038;
;319.355;
;280.477;
;305.47;
;222.16;
;222.16;
;108.303;
;44.432;
;30.547;
;0;
;0;
;0;
;0;
;0;
;0;
;0;
;0;
;0;
;0;
;0;
;0;
;0;
;52.763;
;180.505;
;280.477;
;413.773;
;438.766;
;144.404;
;74.979;
;130.519;
;183.282;
;74.979;
;16.662;
;0;
;0;
;0;
;0;
;0;
;0;
;0;
;0;
;0;
;0;
;0;
;0;
;0;
;30.547;
;105.526;
;149.958;
;224.937;
;227.714;
;247.153;
;230.491;
;149.958;
;136.073;
;111.08;
;8.331;
;0;
;0;
;0;
;0;
;0;
;0;
;0;
;0;
;0;
;0;
;0;
;0;
;0;
;24.993;
;72.202;
;138.85;
;236.045;
;327.686;
;374.895;
;213.829;
;222.16;
;149.958;
;55.54;
;8.331;
;0;
;0;
;0;
;0;
;0;
;0;
;0;
;0;
;0;
;0;
;0;
;0;
;0;
;22.216;
;63.871;
;97.195;
;188.836;
;130.519;
;166.62;
;122.188;
;136.073;
;211.052;
;55.54;
;16.662;
;0;
;0;
;0;
;0;
;0;
;0;
;0;
;0;
;0;
;0;
;0;
;0;
;0;
;36.101;
;163.843;
;297.139;
;397.111;
;402.665;
;377.672;
;313.801;
;361.01;
;208.275;
;72.202;
;11.108;
;0;
;0;
;0;
;0;
;0;
;0;
;0;
;0;
;0;
;0;
;0;
;0;
;0;
;11.108;
;38.878;
;149.958;
;291.585;
;388.78;
;369.341;
;311.024;
;174.951;
;97.195;
;52.763;
;8.331;
;0;
;0;
;0;
;0;
;0;
;0;
;0;
;0;
;0;
;0;
;0;
;0;
;0;
;11.108;
;41.655;
;52.763;
;88.864;
;86.087;
;108.303;
;94.418;
;69.425;
;33.324;
;49.986;
;8.331;
;0;
;0;
;0;
;0;
;0;
;0;
;0;
;0;
;0;
;0;
;0;
;0;
;0;
;13.885;
;52.763;
;94.418;
;105.526;
;108.303;
;133.296;
;149.958;
;94.418;
;77.756;
;22.216;
;2.777;
;0;
;0;
;0;
;0;
;0;
;0;
;0;
;0;
;0;
;0;
;0;
;0;
;0;
;0;
;27.77;
;38.878;
;133.296;
;211.052;
;202.721;
;216.606;
;111.08;
;61.094;
;36.101;
;2.777;
;0;
;0;
;0;
;0;
;0;
;0;
;0;
;0;
;0;
;0;
;0;
;0;
;0;
;5.554;
;49.986;
;141.627;
;216.606;
;266.592;
;305.47;
;291.585;
;222.16;
;91.641;
;16.662;
;0;
;0;
;0;
;0;
;0;
;0;
;0;
;0;
;0;
;0;
;0;
;0;
;0;
;0;
;5.554;
;24.993;
;36.101;
;97.195;
;124.965;
;130.519;
;152.735;
;116.634;
;72.202;
;19.439;
;0;
;0;
;0;
;0;
;0;
;0;
;0;
;0;
;0;
;0;
;0;
;0;
;0;
;0;
;13.885;
;88.864;
;247.153;
;349.902;
;399.888;
;349.902;
;399.888;
;224.937;
;138.85;
;86.087;
;5.554;
;0;
;0;
;0;
;0;
;0;
;0;
;0;
;0;
;0;
;0;
;0;
;0;
;0;
;8.331;
;47.209;
;99.972;
;149.958;
;155.512;
;136.073;
;113.857;
;111.08;
;66.648;
;47.209;
;2.777;
;0;
;0;
;0;
;0;
;0;
;0;
;0;
;0;
;0;
;0;
;0;
;0;
;0;
;11.108;
;119.411;
;236.045;
;116.634;
;141.627;
;316.578;
;383.226;
;299.916;
;194.39;
;69.425;
;2.777;
;0;
;0;
;0;
;0;
;0;
;0;
;0;
;0;
;0;
;0;
;0;
;0;
;0;
;11.108;
;49.986;
;227.714;
;322.132;
;383.226;
;386.003;
;363.787;
;283.254;
;186.059;
;69.425;
;2.777;
;0;
;0;
;0;
;0;
;0;
;0;
;0;
;0;
;0;
;0;
;0;
;0;
;0;
;8.331;
;61.094;
;172.174;
;294.362;
;380.449;
;397.111;
;322.132;
;149.958;
;177.728;
;66.648;
;2.777;
;0;
;0;
;0;
;0;
;0;
;0;
;0;
;0;
;0;
;0;
;0;
;0;
;0;
;2.777;
;24.993;
;83.31;
;208.275;
;252.707;
;211.052;
;202.721;
;188.836;
;108.303;
;66.648;
;0;
;0;
;0;
;0;
;0;
;0;
;0;
;0;
;0;
;0;
;0;
;0;
;0;
;0;
;8.331;
;52.763;
;149.958;
;138.85;
;99.972;
;102.749;
;124.965;
;74.979;
;58.317;
;13.885;
;0;
;0;
;0;
;0;
;0;
;0;
;0;
;0;
;0;
;0;
;0;
;0;
;0;
;0;
;0;
;16.662;
;33.324;
;49.986;
;77.756;
;58.317;
;61.094;
;49.986;
;24.993;
;11.108;
;0;
;0;
;0;
;0;
;0;
;0;
;0;
;0;
;0;
;0;
;0;
;0;
;0;
;0;
;2.777;
;27.77;
;72.202;
;105.526;
;133.296;
;161.066;
;99.972;
;49.986;
;55.54;
;22.216;
;0;
;0;
;0;
;0;
;0;
;0;
;0;
;0;
;0;
;0;
;0;
;0;
;0;
;0;
;2.777;
;24.993;
;66.648;
;94.418;
;130.519;
;144.404;
;116.634;
;94.418;
;49.986;
;13.885;
;0;
;0;
;0;
;0;
;0;
;0;
;0;
;0;
;0;
;0;
;0;
;0;
;0;
;0;
;0;
;13.885;
;27.77;
;47.209;
;52.763;
;66.648;
;47.209;
;36.101;
;13.885;
;2.777;
;0;
;0;
;0;
;0;
;0;
;0;
;0;
;0;
;0;
;0;
;0;
;0;
;0;
;0;
;2.777;
;33.324;
;158.289;
;283.254;
;338.794;
;294.362;
;363.787;
;202.721;
;83.31;
;16.662;
;0;
;0;
;0;
;0;
;0;
;0;
;0;
;0;
;0;
;0;
;0;
;0;
;0;
;0;
;2.777;
;66.648;
;213.829;
;263.815;
;352.679;
;372.118;
;338.794;
;266.592;
;158.289;
;41.655;
;0;
;0;
;0;
;0;
;0;
;0;
;0;
;0;
;0;
;0;
;0;
;0;
;0;
;0;
;2.777;
;66.648;
;188.836;
;283.254;
;341.571;
;358.233;
;330.463;
;261.038;
;152.735;
;36.101;
;0;
;0;
;0;
;0;
;0;
;0;
;0;
;0;
;0;
;0;
;0;
;0;
;0;
;0;
;2.777;
;66.648;
;191.613;
;280.477;
;338.794;
;349.902;
;322.132;
;252.707;
;133.296;
;24.993;
;0;
;0;
;0;
;0;
;0;
;0;
;0;
;0;
;0;
;0;
;0;
;0;
;0;
;0;
;0;
;13.885;
;33.324;
;49.986;
;55.54;
;122.188;
;83.31;
;72.202;
;44.432;
;11.108;
;0;
;0;
;0;
;0;
;0;
;0;
;0;
;0;
;0;
;0;
;0;
;0;
;0;
;0;
;0;
;11.108;
;30.547;
;55.54;
;66.648;
;72.202;
;74.979;
;55.54;
;33.324;
;5.554;
;0;
;0;
;0;
;0;
;0;
;0;
;0;
;0;
;0;
;0;
;0;
;0;
;0;
;0;
;0;
;8.331;
;22.216;
;36.101;
;38.878;
;44.432;
;36.101;
;27.77;
;13.885;
;2.777;
;0;
;0;
;0;
;0;
;0;
;0;
;0;
;0;
;0;
;0;
;0;
;0;
;0;
;0;
;0;
;16.662;
;36.101;
;61.094;
;74.979;
;72.202;
;58.317;
;49.986;
;24.993;
;5.554;
;0;
;0;
;0;
;0;
;0;
;0;
;0;
;0;
;0;
;0;
;0;
;0;
;0;
;0;
;0;
;19.439;
;41.655;
;105.526;
;152.735;
;174.951;
;161.066;
;124.965;
;66.648;
;13.885;
;0;
;0;
;0;
;0;
;0;
;0;
;0;
;0;
;0;
;0;
;0;
;0;
;0;
;0;
;0;
;13.885;
;136.073;
;236.045;
;291.585;
;316.578;
;219.383;
;124.965;
;83.31;
;19.439;
;0;
;0;
;0;
;0;
;0;
;0;
;0;
;0;
;0;
;0;
;0;
;0;
;0;
;0;
;0;
;2.777;
;41.655;
;102.749;
;149.958;
;147.181;
;147.181;
;113.857;
;44.432;
;11.108;
;0;
;0;
;0;
;0;
;0;
;0;
;0;
;0;
;0;
;0;
;0;
;0;
;0;
;0;
;0;
;19.439;
;58.317;
;97.195;
;63.871;
;97.195;
;116.634;
;122.188;
;47.209;
;5.554;
;0;
;0;
;0;
;0;
;0;
;0;
;0;
;0;
;0;
;0;
;0;
;0;
;0;
;0;
;0;
;24.993;
;41.655;
;61.094;
;77.756;
;94.418;
;83.31;
;116.634;
;38.878;
;11.108;
;0;
;0;
;0;
;0;
;0;
;0;
;0;
;0;
;0;
;0;
;0;
;0;
;0;
;0;
;0;
;11.108;
;38.878;
;74.979;
;113.857;
;113.857;
;80.533;
;61.094;
;24.993;
;5.554;
;0;
;0;
;0;
;0;
;0;
;0;
;0;
;0;
;0;
;0;
;0;
;0;
;0;
;0;
;0;
;13.885;
;38.878;
;55.54;
;74.979;
;69.425;
;61.094;
;33.324;
;24.993;
;5.554;
;0;
;0;
;0;
;0;
;0;
;0;
;0;
;0;
;0;
;0;
;0;
;0;
;0;
;0;
;0;
;8.331;
;44.432;
;86.087;
;258.261;
;247.153;
;183.282;
;80.533;
;44.432;
;5.554;
;0;
;0;
;0;
;0;
;0;
;0;
;0;
;0;
;0;
;0;
;0;
;0;
;0;
;0;
;0;
;16.662;
;63.871;
;177.728;
;249.93;
;233.268;
;152.735;
;122.188;
;61.094;
;8.331;
;0;
;0;
;0;
;0;
;0;
;0;
;0;
;0;
;0;
;0;
;0;
;0;
;0;
;0;
;0;
;5.554;
;8.331;
;24.993;
;33.324;
;24.993;
;27.77;
;55.54;
;38.878;
;5.554;
;0;
;0;
;0;
;0;
;0;
;0;
;0;
;0;
;0;
;0;
;0;
;0;
;0;
;0;
;0;
;11.108;
;13.885;
;16.662;
;105.526;
;72.202;
;27.77;
;63.871;
;41.655;
;16.662;
;0;
;0;
;0;
;0;
;0;
;0;
;0;
;0;
;0;
;0;
;0;
;0;
;0;
;0;
;0;
;27.77;
;72.202;
;191.613;
;224.937;
;149.958;
;188.836;
;155.512;
;41.655;
;2.777;
;0;
;0;
;0;
;0;
;0;
;0;
;0;
;0;
;0;
;0;
;0;
;0;
;0;
;0;
;0;
;22.216;
;172.174;
;74.979;
;144.404;
;180.505;
;38.878;
;5.554;
;16.662;
;2.777;
;0;
;0;
;0;
;0;
;0;
;0;
;0;
;0;
;0;
;0;
;0;
;0;
;0;
;0;
;0;
;8.331;
;41.655;
;58.317;
;86.087;
;88.864;
;77.756;
;49.986;
;24.993;
;2.777;
;0;
;0;
;0;
;0;
;0;
;0;
;0;
;0;
;0;
;0;
;0;
;0;
;0;
;0;
;0;
;13.885;
;47.209;
;99.972;
;136.073;
;219.383;
;136.073;
;77.756;
;36.101;
;11.108;
;0;
;0;
;0;
;0;
;0;
;0;
;0;
;0;
;0;
;0;
;0;
;0;
;0;
;0;
;0;
;2.777;
;8.331;
;19.439;
;24.993;
;19.439;
;30.547;
;27.77;
;16.662;
;0;
;0;
;0;
;0;
;0;
;0;
;0;
;0;
;0;
;0;
;0;
;0;
;0;
;0;
;0;
;0;
;8.331;
;88.864;
;124.965;
;216.606;
;219.383;
;97.195;
;66.648;
;36.101;
;2.777;
;0;
;0;
;0;
;0;
;0;
;0;
;0;
;0;
;0;
;0;
;0;
;0;
;0;
;0;
;0;
;0;
;5.554;
;19.439;
;24.993;
;33.324;
;30.547;
;16.662;
;2.777;
;0;
;0;
;0;
;0;
;0;
;0;
;0;
;0;
;0;
;0;
;0;
;0;
;0;
;0;
;0;
;0;
;11.108;
;88.864;
;186.059;
;177.728;
;222.16;
;191.613;
;163.843;
;49.986;
;2.777;
;0;
;0;
;0;
;0;
;0;
;0;
;0;
;0;
;0;
;0;
;0;
;0;
;0;
;0;
;0;
;8.331;
;94.418;
;155.512;
;213.829;
;183.282;
;263.815;
;161.066;
;61.094;
;2.777;
;0;
;0;
;0;
;0;
;0;
;0;
;0;
;0;
;0;
;0;
;0;
;0;
;0;
;0;
;0;
;13.885;
;91.641;
;194.39;
;227.714;
;238.822;
;236.045;
;172.174;
;69.425;
;5.554;
;0;
;0;
;0;
;0;
;0;
;0;
;0;
;0;
;0;
;0;
;0;
;0;
;0;
;0;
;0;
;8.331;
;83.31;
;169.397;
;208.275;
;205.498;
;236.045;
;138.85;
;41.655;
;5.554;
;0;
;0;
;0;
;0;
;0;
;0;
;0;
;0;
;0;
;0;
;0;
;0;
;0;
;0;
;0;
;0;
;8.331;
;30.547;
;55.54;
;83.31;
;69.425;
;69.425;
;27.77;
;5.554;
;0;
;0;
;0;
;0;
;0;
;0;
;0;
;0;
;0;
;0;
;0;
;0;
;0;
;0;
;0;
;5.554;
;47.209;
;86.087;
;158.289;
;161.066;
;216.606;
;80.533;
;36.101;
;2.777;
;0;
;0;
;0;
;0;
;0;
;0;
;0;
;0;
;0;
;0;
;0;
;0;
;0;
;0;
;0;
;5.554;
;30.547;
;33.324;
;83.31;
;66.648;
;61.094;
;27.77;
;16.662;
;0;
;0;
;0;
;0;
;0;
;0;
;0;
;0;
;0;
;0;
;0;
;0;
;0;
;0;
;0;
;0;
;5.554;
;13.885;
;11.108;
;24.993;
;49.986;
;30.547;
;16.662;
;8.331;
;0;
;0;
;0;
;0;
;0;
;0;
;0;
;0;
;0;
;0;
;0;
;0;
;0;
;0;
;0;
;0;
;2.777;
;11.108;
;41.655;
;69.425;
;69.425;
;55.54;
;72.202;
;22.216;
;2.777;
;0;
;0;
;0;
;0;
;0;
;0;
;0;
;0;
;0;
;0;
;0;
;0;
;0;
;0;
;0;
;0;
;27.77;
;80.533;
;122.188;
;113.857;
;108.303;
;97.195;
;24.993;
;0;
;0;
;0;
;0;
;0;
;0;
;0;
;0;
;0;
;0;
;0;
;0;
;0;
;0;
;0;
;0;
;5.554;
;55.54;
;55.54;
;77.756;
;111.08;
;80.533;
;88.864;
;83.31;
;5.554;
;0;
;0;
;0;
;0;
;0;
;0;
;0;
;0;
;0;
;0;
;0;
;0;
;0;
;0;
;0;
;0;
;11.108;
;30.547;
;49.986;
;52.763;
;41.655;
;24.993;
;16.662;
;0;
;0;
;0;
;0;
;0;
;0;
;0;
;0;
;0;
;0;
;0;
;0;
;0;
;0;
;0;
;0;
;0;
;8.331;
;30.547;
;36.101;
;33.324;
;27.77;
;19.439;
;8.331;
;0;
;0;
;0;
;0;
;0;
;0;
;0;
;0;
;0;
;0;
;0;
;0;
;0;
;0;
;0;
;0;
;0;
;8.331;
;16.662;
;16.662;
;24.993;
;19.439;
;19.439;
;8.331;
;0;
;0;
;0;
;0;
;0;
;0;
;0;
;0;
;0;
;0;
;0;
;0;
;0;
;0;
;0;
;0;
;0;
;22.216;
;41.655;
;58.317;
;91.641;
;52.763;
;22.216;
;8.331;
;0;
;0;
;0;
;0;
;0;
;0;
;0;
;0;
;0;
;0;
;0;
;0;
;0;
;0;
;0;
;0;
;0;
;11.108;
;27.77;
;36.101;
;41.655;
;33.324;
;22.216;
;8.331;
;0;
;0;
;0;
;0;
;0;
;0;
;0;
;0;
;0;
;0;
;0;
;0;
;0;
;0;
;0;
;0;
;0;
;5.554;
;16.662;
;36.101;
;49.986;
;41.655;
;24.993;
;8.331;
;0;
;0;
;0;
;0;
;0;
;0;
;0;
;0;
;0;
;0;
;0;
;0;
;0;
;0;
;0;
;0;
;2.777;
;13.885;
;13.885;
;24.993;
;33.324;
;22.216;
;19.439;
;5.554;
;0;
;0;
;0;
;0;
;0;
;0;
;0;
;0;
;0;
;0;
;0;
;0;
;0;
;0;
;0;
;0;
;0;
;8.331;
;19.439;
;33.324;
;47.209;
;30.547;
;19.439;
;11.108;
;0;
;0;
;0;
;0;
;0;
;0;
;0;
;0;
;0;
;0;
;0;
;0;
;0;
;0;
;0;
;0;
;0;
;16.662;
;24.993;
;44.432;
;69.425;
;41.655;
;41.655;
;22.216;
;2.777;
;0;
;0;
;0;
;0;
;0;
;0;
;0;
;0;
;0;
;0;
;0;
;0;
;0;
;0;
;0;
;0;
;11.108;
;27.77;
;69.425;
;47.209;
;30.547;
;16.662;
;8.331;
;0;
;0;
;0;
;0;
;0;
;0;
;0;
;0;
;0;
;0;
;0;
;0;
;0;
;0;
;0;
;0;
;0;
;13.885;
;19.439;
;27.77;
;30.547;
;55.54;
;36.101;
;11.108;
;2.777;
;0;
;0;
;0;
;0;
;0;
;0;
;0;
;0;
;0;
;0;
;0;
;0;
;0;
;0;
;0;
;2.777;
;33.324;
;124.965;
;133.296;
;155.512;
;133.296;
;97.195;
;44.432;
;2.777;
;0;
;0;
;0;
;0;
;0;
;0;
;0;
;0;
;0;
;0;
;0;
;0;
;0;
;0;
;0;
;2.777;
;13.885;
;36.101;
;55.54;
;61.094;
;33.324;
;19.439;
;11.108;
;0;
;0;
;0;
;0;
;0;
;0;
;0;
;0;
;0;
;0;
;0;
;0;
;0;
;0;
;0;
;0;
;0;
;13.885;
;41.655;
;72.202;
;113.857;
;152.735;
;69.425;
;44.432;
;5.554;
;0;
;0;
;0;
;0;
;0;
;0;
;0;
;0;
;0;
;0;
;0;
;0;
;0;
;0;
;0;
;0;
;24.993;
;94.418;
;188.836;
;149.958;
;158.289;
;91.641;
;69.425;
;2.777;
;0;
;0;
;0;
;0;
;0;
;0;
;0;
;0;
;0;
;0;
;0;
;0;
;0;
;0;
;0;
;0;
;11.108;
;44.432;
;47.209;
;47.209;
;41.655;
;27.77;
;11.108;
;0;
;0;
;0;
;0;
;0;
;0;
;0;
;0;
;0;
;0;
;0;
;0;
;0;
;0;
;0;
;0;
;0;
;11.108;
;38.878;
;63.871;
;72.202;
;41.655;
;33.324;
;24.993;
;2.777;
;0;
;0;
;0;
;0;
;0;
;0;
;0;
;0;
;0;
;0;
;0;
;0;
;0;
;0;
;0;
;0;
;8.331;
;30.547;
;44.432;
;47.209;
;44.432;
;27.77;
;19.439;
;2.777;
;0;
;0;
;0;
;0;
;0;
;0;
;0;
;0;
;0;
;0;
;0;
;0;
;0;
;0;
;0;
;0;
;19.439;
;66.648;
;127.742;
;208.275;
;211.052;
;155.512;
;69.425;
;5.554;
;0;
;0;
;0;
;0;
;0;
;0;
;0;
;0;
;0;
;0;
;0;
;0;
;0;
;0;
;0;
;0;
;11.108;
;27.77;
;41.655;
;47.209;
;55.54;
;49.986;
;24.993;
;2.777;
;0;
;0;
;0;
;0;
;0;
;0;
;0;
;0;
;0;
;0;
;0;
;0;
;0;
;0;
;0;
;0;
;11.108;
;24.993;
;33.324;
;33.324;
;27.77;
;19.439;
;11.108;
;2.777;
;0;
;0;
;0;
;0;
;0;
;0;
;0;
;0;
;0;
;0;
;0;
;0;
;0;
;0;
;0;
;0;
;5.554;
;16.662;
;24.993;
;30.547;
;30.547;
;19.439;
;11.108;
;2.777;
;0;
;0;
;0;
;0;
;0;
;0;
;0;
;0;
;0;
;0;
;0;
;0;
;0;
;0;
;0;
;0;
;8.331;
;22.216;
;33.324;
;44.432;
;47.209;
;30.547;
;13.885;
;2.777;
;0;
;0;
;0;
;0;
;0;
;0;
;0;
;0;
;0;
;0;
;0;
;0;
;0;
;0;
;0;
;0;
;8.331;
;19.439;
;22.216;
;24.993;
;24.993;
;13.885;
;5.554;
;0;
;0;
;0;
;0;
;0;
;0;
;0;
;0;
;0;
